publication_slug,publication_year,department_slug,local_path,snapshot_date,n_rows,layout,n_mapped,n_unmapped,date_order,error,snapshot_source,snapshot_crosscheck
nista-annual-report-2024-2025,2025,nista-annual-report-2024-2025,2025/nista-annual-report-2024-2025/nista_annual_report_data_2425.csv,2025-03-31,213,wide,21,0,day_first,,publication body,
nista-major-projects-annual-report-2025-26,2025,nista-major-projects-annual-report-2025-26,2025/nista-major-projects-annual-report-2025-26/NISTA_Major_Projects_Annual_Report_2025-2026_Data.csv,2026-03-31,189,wide,21,0,day_first,,publication body,
dft-government-major-projects-portfolio-data-2018,2018,dft,2018/dft/csv-dft-government-major-project-portfolio-data-september-2017.csv,2017-09-30,16,transposed,14,0,day_first,,"publication statement (title, filename or body)",
dh-government-major-projects-portfolio-data-2015,2015,dh,2015/dh/DH_MPA_data_Sept_2014.csv,2014-09-30,41,transposed,15,0,day_first,,"publication statement (title, filename or body)",
mod-government-major-projects-portfolio-data-2020,2020,mod,2020/mod/MoD_Government_Major_Projects_Portfolio_data_September_2019__1_.csv,2019-09-30,35,transposed,16,0,day_first,,"publication statement (title, filename or body)",
mod-government-major-projects-portfolio-data-2024,2024,mod,2024/mod/MOD_Government_Major_Projects_Portofolio_AR_Data_March_2024.csv,2024-03-31,49,wide,19,0,day_first,,"publication statement (title, filename or body)",
mod-government-major-projects-portfolio-data-2023,2023,mod,2023/mod/MOD_Government_Major_Projects_Portofolio_Data_March_2023.csv,2023-03-31,52,wide,19,0,day_first,,"publication statement (title, filename or body)",
dft-government-major-projects-portfolio-data-2020,2020,dft,2020/dft/DfT_Government_Major_Projects_Portfolio_data_September_2019.csv,2019-09-30,17,transposed,16,0,day_first,,"publication statement (title, filename or body)",
dh-government-major-projects-portfolio-data-2014,2014,dh,2014/dh/DH_Government_Major_Projects_Portfolio_data__September_2013__CSV_.csv,2013-09-30,35,transposed,15,0,day_first,,"publication statement (title, filename or body)",
mod-government-major-projects-portfolio-data-2022,2022,mod,2022/mod/MOD_Government_Major_Projects_Portfolio_Data_March_2022.csv,2022-03-31,52,wide,17,0,day_first,,"publication statement (title, filename or body)",
mod-government-major-projects-portfolio-data-2015,2015,mod,2015/mod/MoD_Government_Major_Projects_Portfolio_data__September_2014.csv,2014-09-30,39,transposed,15,0,day_first,,"publication statement (title, filename or body)",
mod-government-major-projects-portfolio-data-2021,2021,mod,2021/mod/MOD_Government_Major_Projects_Portofolio_Data_March_2021.csv,2021-03-31,36,wide,16,0,day_first,,"publication statement (title, filename or body)",
dft-government-major-projects-portfolio-data-2023,2023,dft,2023/dft/DFT_Government_Major_Projects_Portofolio_Data_March_2023.csv,2023-03-31,23,wide,19,0,day_first,,"publication statement (title, filename or body)",
mod-government-major-projects-portfolio-data-2014,2014,mod,2014/mod/MOD_Government_Major_Projects_Portfolio_data__September_2013__CSV_.csv,2013-09-30,40,transposed,15,0,day_first,,"publication statement (title, filename or body)",
dft-government-major-projects-portfolio-data-2021,2021,dft,2021/dft/DFT_Government_Major_Projects_Portofolio_Data_March_2021.csv,2021-03-31,25,wide,16,0,day_first,,"publication statement (title, filename or body)",
hmrc-government-major-projects-portfolio-data-2023,2023,hmrc,2023/hmrc/HMRC_Government_Major_Projects_Portofolio_Data_March_2023.csv,2023-03-31,21,wide,19,0,day_first,,"publication statement (title, filename or body)",
desnz-government-major-projects-portfolio-data-2023,2023,desnz,2023/desnz/DESNZ_Government_Major_Projects_Portofolio_Data_March_2023.csv,2023-03-31,19,wide,19,0,day_first,,"publication statement (title, filename or body)",
ho-government-major-projects-portfolio-data-2024,2024,ho,2024/ho/HO_Government_Major_Projects_Portofolio_AR_Data_March_2024.csv,2024-03-31,22,wide,19,0,day_first,,"publication statement (title, filename or body)",
dft-government-major-projects-portfolio-data-2022,2022,dft,2022/dft/DFT_Government_Major_Projects_Portfolio_Data_March_2022.csv,2022-03-31,22,wide,17,0,day_first,,"publication statement (title, filename or body)",
desnz-government-major-projects-portfolio-data-2024,2024,desnz,2024/desnz/DESNZ_Government_Major_Projects_Portofolio_AR_Data_March_2024.csv,2024-03-31,18,wide,19,0,day_first,,"publication statement (title, filename or body)",
government-major-projects-portfolio-data-for-mod-2013,2013,mod,2013/mod/20130524_mod_gmpp_data.csv,2012-09-30,36,transposed,13,0,day_first,,publication-year table,
mod-government-major-projects-portfolio-data-2018,2018,mod,2018/mod/MOD_Government_Major_Projects_Portfolio_data__September_2017__CSV_.csv,2017-09-30,37,transposed,14,0,day_first,,"publication statement (title, filename or body)",
beis-government-major-projects-portfolio-data-2022,2022,beis,2022/beis/BEIS_Government_Major_Projects_Portfolio_Data_March_2022.csv,2022-03-31,22,wide,17,0,day_first,,"publication statement (title, filename or body)",
mod-government-major-projects-portfolio-data-2017,2017,mod,2017/mod/Major_Project_Portfolio_data_MOD_Annual_Report_-_consolidated_data_and_narratives.csv,2016-09-30,33,transposed,14,0,day_first,,"publication statement (title, filename or body)",
mod-government-major-projects-portfolio-data-2019,2019,mod,2019/mod/MoD_Government_Major_Projects_Portfolio_data_September_2018.csv,2018-09-30,35,transposed,15,0,day_first,,"publication statement (title, filename or body)",
dh-government-major-projects-portfolio-data-2016,2016,dh,2016/dh/DH_Government_Major_Projects_Portfolio_Data__September_2015.csv,2015-09-30,21,transposed,14,0,day_first,,"publication statement (title, filename or body)",
moj-government-major-projects-portfolio-data-2023,2023,moj,2023/moj/MOJ_Government_Major_Projects_Portofolio_Data_March_2023.csv,2023-03-31,27,wide,19,0,day_first,,"publication statement (title, filename or body)",
ho-government-major-projects-portfolio-data-2023,2023,ho,2023/ho/HO_Government_Major_Projects_Portofolio_Data_March_2023.csv,2023-03-31,15,wide,19,0,day_first,,"publication statement (title, filename or body)",
moj-government-major-projects-portfolio-data-2020,2020,moj,2020/moj/MoJ_Government_Major_Projects_Portfolio_data_September_2019.csv,2019-09-30,11,transposed,16,0,day_first,,"publication statement (title, filename or body)",
dft-government-major-projects-portfolio-data-2024,2024,dft,2024/dft/DFT_Government_Major_Projects_Portofolio_AR_Data_March_2024.csv,2024-03-31,19,wide,19,0,day_first,,"publication statement (title, filename or body)",
mod-government-major-projects-portfolio-data-2016,2016,mod,2016/mod/MOD_Government_Major_Projects_Portfolio_Data__September_2015.csv,2015-09-30,34,transposed,14,0,day_first,,"publication statement (title, filename or body)",
defra-government-major-projects-portfolio-data-2023,2023,defra,2023/defra/DEFRA_Government_Major_Projects_Portofolio_Data_March_2023.csv,2023-03-31,15,wide,19,0,day_first,,"publication statement (title, filename or body)",
ho-government-major-projects-portfolio-data-2022,2022,ho,2022/ho/HO_Government_Major_Projects_Portfolio_Data_March_2022.csv,2022-03-31,16,wide,17,0,day_first,,"publication statement (title, filename or body)",
dluhc-government-major-projects-portfolio-data-2023,2023,dluhc,2023/dluhc/DLUHC_Government_Major_Projects_Portofolio_Data_March_2023.csv,2023-03-31,11,wide,19,0,day_first,,"publication statement (title, filename or body)",
ho-government-major-projects-portfolio-data-2020,2020,ho,2020/ho/HO_Government_Major_Projects_Portfolio_data_September_2019.csv,2019-09-30,10,transposed,16,0,day_first,,"publication statement (title, filename or body)",
hmrc-government-major-projects-portfolio-data-2022,2022,hmrc,2022/hmrc/HMRC_Government_Major_Projects_Portfolio_Data_March_2022.csv,2022-03-31,19,wide,17,0,day_first,,"publication statement (title, filename or body)",
dft-government-major-projects-portfolio-data-2014,2014,dft,2014/dft/dft-government-major-projects-portfolio-data-september-2013.csv,2013-09-30,12,transposed,15,0,day_first,,"publication statement (title, filename or body)",
moj-government-major-projects-portfolio-data-2022,2022,moj,2022/moj/MOJ_Government_Major_Projects_Portfolio_Data_March_2022.csv,2022-03-31,24,wide,17,0,day_first,,"publication statement (title, filename or body)",
dft-government-major-projects-portfolio-data-2017,2017,dft,2017/dft/dft-government-major-project-portfolio-data-september-2016.csv,2016-09-30,17,transposed,14,0,day_first,,"publication statement (title, filename or body)",
beis-government-major-projects-portfolio-data-2021,2021,beis,2021/beis/BEIS_Government_Major_Projects_Portofolio_Data_March_2021.csv,2021-03-31,15,wide,16,0,day_first,,"publication statement (title, filename or body)",
moj-government-major-projects-portfolio-data-2015,2015,moj,2015/moj/moj-government-major-projects-portfolio-data-september2014.csv,2014-09-30,18,transposed,15,0,day_first,,"publication statement (title, filename or body)",
dh-government-major-projects-portfolio-data-2017,2017,dh,2017/dh/DH_Government_Major_Project_Portfolio_data__September_2016.csv,2016-09-30,18,transposed,16,0,day_first,,"publication statement (title, filename or body)",
co-government-major-projects-portfolio-data-2023,2023,co,2023/co/CO_Government_Major_Projects_Portofolio_Data_March_2023.csv,2023-03-31,11,wide,19,0,day_first,,"publication statement (title, filename or body)",
dfe-government-major-projects-portfolio-data-2023,2023,dfe,2023/dfe/DFE_Government_Major_Projects_Portofolio_Data_March_2023.csv,2023-03-31,12,wide,19,0,day_first,,"publication statement (title, filename or body)",
moj-government-major-projects-portfolio-data-2024,2024,moj,2024/moj/MOJ_Government_Major_Projects_Portofolio_AR_Data_March_2024.csv,2024-03-31,21,wide,19,0,day_first,,"publication statement (title, filename or body)",
hmrc-government-major-projects-portfolio-data-2024,2024,hmrc,2024/hmrc/HMRC_Government_Major_Projects_Portofolio_AR_Data_March_2024.csv,2024-03-31,13,wide,19,0,day_first,,"publication statement (title, filename or body)",
dft-government-major-projects-portfolio-data-2019,2019,dft,2019/dft/DfT_Government_Major_Projects_Portfolio_data__September_2018.csv,2018-09-30,18,transposed,15,0,day_first,,"publication statement (title, filename or body)",
dhsc-government-major-projects-portfolio-data-2018,2018,dhsc,2018/dhsc/csv-dhsc-government-major-projects-portfolio-data-september-2017.csv,2017-09-30,14,transposed,14,0,day_first,,"publication statement (title, filename or body)",
moj-government-major-projects-portfolio-data-2014,2014,moj,2014/moj/MOJ_Government_Major_Projects_Portfolio_data__September_2013__CSV_.csv,2013-09-30,19,transposed,15,0,day_first,,"publication statement (title, filename or body)",
beis-government-major-projects-portfolio-data-2020,2020,beis,2020/beis/BEIS_Government_Major_Projects_Portfolio_data_September_2019.csv,2019-09-30,8,transposed,16,0,day_first,,"publication statement (title, filename or body)",
co-government-major-projects-portfolio-data-2024,2024,co,2024/co/CO_Government_Major_Projects_Portofolio_AR_Data_March_2024.csv,2024-03-31,11,wide,19,0,day_first,,"publication statement (title, filename or body)",
government-major-projects-portfolio-data-for-moj-2013--2,2013,moj,2013/moj/gmpp-data-MoJ-q2-2012-13.csv,2012-09-30,18,transposed,13,0,day_first,,publication-year table,
moj-government-major-projects-portfolio-data-2021,2021,moj,2021/moj/MOJ_Government_Major_Projects_Portofolio_Data_March_2021.csv,2021-03-31,19,wide,16,0,day_first,,"publication statement (title, filename or body)",
dhsc-government-major-projects-portfolio-data-2020,2020,dhsc,2020/dhsc/DHSC_Government_Major_Projects_Portfolio_data_September_2019.csv,2019-09-30,10,transposed,16,0,day_first,,"publication statement (title, filename or body)",
defra-government-major-projects-portfolio-data-2024,2024,defra,2024/defra/DEFRA_Government_Major_Projects_Portofolio_AR_Data_March_2024.csv,2024-03-31,10,wide,19,0,day_first,,"publication statement (title, filename or body)",
defra-government-major-projects-portfolio-data-2022,2022,defra,2022/defra/DEFRA_Government_Major_Projects_Portfolio_Data_March_2022.csv,2022-03-31,13,wide,17,0,day_first,,"publication statement (title, filename or body)",
dfe-government-major-projects-portfolio-data-2024,2024,dfe,2024/dfe/DFE_Government_Major_Projects_Portofolio_AR_Data_March_2024.csv,2024-03-31,11,wide,19,0,day_first,,"publication statement (title, filename or body)",
dft-government-major-projects-portfolio-data-2016,2016,dft,2016/dft/dft-government-major-project-portfolio-data-september-2015.csv,2015-09-30,10,transposed,14,0,day_first,,"publication statement (title, filename or body)",
co-government-major-projects-portfolio-data-2020,2020,co,2020/co/CO_Government_Major_Projects_Portfolio_data_September_2019.csv,2019-09-30,7,transposed,16,0,day_first,,"publication statement (title, filename or body)",
government-major-projects-portfolio-data-for-dft-2013,2013,dft,2013/dft/gmpp-data-dft-q2-2012-13.csv,2012-09-30,17,transposed,13,0,day_first,,publication-year table,
dhsc-government-major-projects-portfolio-data-2024,2024,dhsc,2024/dhsc/DHSC_Government_Major_Projects_Portofolio_AR_Data_March_2024.csv,2024-03-31,11,wide,19,0,day_first,,"publication statement (title, filename or body)",
government-major-projects-portfolio-data-for-dwp-2013,2013,dwp,2013/dwp/gmpp-data-DWP-q2-2012-13.csv,2012-09-30,12,transposed,13,0,day_first,,publication-year table,
co-government-major-projects-portfolio-data-2022,2022,co,2022/co/CO_Government_Major_Projects_Portfolio_Data_March_2022.csv,2022-03-31,12,wide,17,0,day_first,,"publication statement (title, filename or body)",
dwp-government-major-projects-portfolio-data-2014,2014,dwp,2014/dwp/DWP_Government_Major_Projects_Portfolio_data__September_2013__CSV_.csv,2013-09-30,12,transposed,15,0,day_first,,"publication statement (title, filename or body)",
moj-government-major-projects-portfolio-data-2016,2016,moj,2016/moj/MOJ_Government_Major_Projects_Portfolio_Data__September_2015.csv,2015-09-30,16,transposed,14,0,day_first,,"publication statement (title, filename or body)",
dcms-government-major-projects-portfolio-data-2020,2020,dcms,2020/dcms/DCMS_Government_Major_Projects_Portfolio_data_September_2019.csv,2019-09-30,7,transposed,16,0,day_first,,"publication statement (title, filename or body)",
government-major-projects-portfolio-data-for-department-of-health-2013--2,2013,department-of-health,2013/department-of-health/gmpp-data-DH-q2-2012-13.csv,2012-09-30,21,transposed,13,0,day_first,,publication-year table,
co-government-major-projects-portfolio-data-2021,2021,co,2021/co/CO_Government_Major_Projects_Portofolio_Data_March_2021.csv,2021-03-31,12,wide,16,0,day_first,,"publication statement (title, filename or body)",
dft-government-major-projects-portfolio-data-2015,2015,dft,2015/dft/dft-government-major-project-portfolio-data-september-2014.csv,2014-09-30,9,transposed,15,0,day_first,,"publication statement (title, filename or body)",
dfe-government-major-projects-portfolio-data-2022,2022,dfe,2022/dfe/DFE_Government_Major_Projects_Portfolio_Data_March_2022.csv,2022-03-31,11,wide,17,0,day_first,,"publication statement (title, filename or body)",
hmrc-government-major-projects-portfolio-data-2021,2021,hmrc,2021/hmrc/HMRC_Government_Major_Projects_Portofolio_Data_March_2021.csv,2021-03-31,11,wide,16,0,day_first,,"publication statement (title, filename or body)",
dluhc-government-major-projects-portfolio-data-2022,2022,dluhc,2022/dluhc/DLUHC_Government_Major_Projects_Portfolio_Data_March_2022.csv,2022-03-31,10,wide,17,0,day_first,,"publication statement (title, filename or body)",
dwp-government-major-projects-portfolio-data-2015,2015,dwp,2015/dwp/dwp-government-major-project-portfolio-data-september-2014-csv.csv,2014-09-30,11,transposed,15,0,day_first,,"publication statement (title, filename or body)",
dcms-government-major-projects-portfolio-data-2021,2021,dcms,2021/dcms/DCMS_Government_Major_Projects_Portofolio_Data_March_2021.csv,2021-03-31,10,wide,16,0,day_first,,"publication statement (title, filename or body)",
dhsc-government-major-projects-portfolio-data-2019,2019,dhsc,2019/dhsc/DHSC_Government_Major_Project_Portfolio_data_September_2018.csv,2018-09-30,12,transposed,15,0,day_first,,"publication statement (title, filename or body)",
decc-government-major-projects-portfolio-data-2014,2014,decc,2014/decc/DECC_Government_Major_Projects_Portfolio_data__September_2013__CSV_.csv,2013-09-30,11,transposed,15,0,day_first,,"publication statement (title, filename or body)",
ho-government-major-projects-portfolio-data-2021,2021,ho,2021/ho/HO_Government_Major_Projects_Portofolio_Data_March_2021.csv,2021-03-31,11,wide,16,0,day_first,,"publication statement (title, filename or body)",
hmrc-government-major-projects-portfolio-data-2020,2020,hmrc,2020/hmrc/HMRC_Government_Major_Projects_Portfolio_data_September_2019.csv,2019-09-30,5,transposed,16,0,day_first,,"publication statement (title, filename or body)",
moj-government-major-projects-portfolio-data-2017,2017,moj,2017/moj/moj-annual-report-consolidated-data-and-narratives.csv,2016-09-30,13,transposed,16,0,day_first,,"publication statement (title, filename or body)",
government-major-projects-portfolio-data-for-bis-2014,2014,bis,2014/bis/BIS_Government_Major_Projects_Portfolio_data__September_2013__CSV_.csv,2013-09-30,12,transposed,15,0,day_first,,"publication statement (title, filename or body)",
dfe-government-major-projects-portfolio-data-2021,2021,dfe,2021/dfe/DFE_Government_Major_Projects_Portofolio_Data_March_2021.csv,2021-03-31,11,wide,16,0,day_first,,"publication statement (title, filename or body)",
dwp-government-major-projects-portfolio-data-2024,2024,dwp,2024/dwp/DWP_Government_Major_Projects_Portofolio_AR_Data_March_2024.csv,2024-03-31,7,wide,19,0,day_first,,"publication statement (title, filename or body)",
dhsc-government-major-projects-portfolio-data-2023,2023,dhsc,2023/dhsc/DHSC_Government_Major_Projects_Portofolio_Data_March_2023.csv,2023-03-31,8,wide,19,0,day_first,,"publication statement (title, filename or body)",
decc-government-major-projects-portfolio-data-2015,2015,decc,2015/decc/DECC_Government_Major_Projects_Portfolio_data__September_2014.csv,2014-09-30,10,transposed,15,0,day_first,,"publication statement (title, filename or body)",
moj-government-major-projects-portfolio-data-2018,2018,moj,2018/moj/csv-moj-government-major-projects-data-september-2017.csv,2017-09-30,11,transposed,14,0,day_first,,"publication statement (title, filename or body)",
dfe-government-major-projects-portfolio-data-2020,2020,dfe,2020/dfe/DfE_Government_Major_Projects_Portfolio_data_September_2019.csv,2019-09-30,5,transposed,16,0,day_first,,"publication statement (title, filename or body)",
co-government-major-projects-portfolio-data-2014,2014,co,2014/co/CO_Government_Major_Projects_Portfolio_data_September_2013_CSV.csv,2013-09-30,8,transposed,15,0,day_first,,"publication statement (title, filename or body)",
dwp-government-major-projects-portfolio-data-2017,2017,dwp,2017/dwp/csv-dwp-government-major-projects-portfolio-data-september-2016.csv,2016-09-30,7,transposed,16,0,day_first,,"publication statement (title, filename or body)",
dcms-government-major-projects-portfolio-data-2022,2022,dcms,2022/dcms/DCMS_Government_Major_Projects_Portfolio_Data_March_2022.csv,2022-03-31,9,wide,17,0,day_first,,"publication statement (title, filename or body)",
dwp-government-major-projects-portfolio-data-2023,2023,dwp,2023/dwp/DWP_Government_Major_Projects_Portofolio_Data_March_2023.csv,2023-03-31,6,wide,19,0,day_first,,"publication statement (title, filename or body)",
government-major-projects-portfolio-data-for-decc-2013,2013,decc,2013/decc/gmpp-data-DECC-q2-2012-13.csv,2012-09-30,12,transposed,13,0,day_first,,publication-year table,
beis-government-major-projects-portfolio-data-2017,2017,beis,2017/beis/beis-gmpp-data-september-2016.csv,2016-09-30,10,transposed,14,0,day_first,,"publication statement (title, filename or body)",
dhsc-government-major-projects-portfolio-data-2022,2022,dhsc,2022/dhsc/DHSC_Government_Major_Projects_Portfolio_Data_March_2022.csv,2022-03-31,9,wide,17,0,day_first,,"publication statement (title, filename or body)",
dsit-government-major-projects-portfolio-data-2024,2024,dsit,2024/dsit/DSIT_Government_Major_Projects_Portofolio_AR_Data_March_2024.csv,2024-03-31,6,wide,19,0,day_first,,"publication statement (title, filename or body)",
dsit-government-major-projects-portfolio-data-2023,2023,dsit,2023/dsit/DSIT_Government_Major_Projects_Portofolio_Data_March_2023.csv,2023-03-31,7,wide,19,0,day_first,,"publication statement (title, filename or body)",
ho-government-major-projects-portfolio-data-2019,2019,ho,2019/ho/HO_Government_Major_Projects_Portfolio_data_September_2018.csv,2018-09-30,12,transposed,15,0,day_first,,"publication statement (title, filename or body)",
ho-government-major-projects-portfolio-data-2016,2016,ho,2016/ho/HO_Major_Projects_Portfolio_Data__September_2015.csv,2015-09-30,10,transposed,14,0,day_first,,"publication statement (title, filename or body)",
dwp-government-major-projects-portfolio-data-2016,2016,dwp,2016/dwp/DWP_Government_Major_Projects_Portfolio_Data_September_2015.csv,2015-09-30,7,transposed,14,0,day_first,,"publication statement (title, filename or body)",
home-office-major-projects-portfolio-data-2013,2013,home-office-major-projects-portfolio-data-2013,2013/home-office-major-projects-portfolio-data-2013/HO_Major_projects.csv,2012-09-30,20,transposed,13,0,day_first,,publication-year table,
dwp-government-major-projects-portfolio-data-2018,2018,dwp,2018/dwp/csv-dwp-government-major-projects-portfolio-data-september-2017.csv,2017-09-30,5,transposed,14,0,day_first,,"publication statement (title, filename or body)",
dluhc-government-major-projects-portfolio-data-2024,2024,dluhc,2024/dluhc/DLUHC_Government_Major_Projects_Portofolio_AR_Data_March_2024.csv,2024-03-31,11,wide,19,0,day_first,,"publication statement (title, filename or body)",
dwp-government-major-projects-portfolio-data-2022,2022,dwp,2022/dwp/DWP_Government_Major_Projects_Portfolio_Data_March_2022.csv,2022-03-31,6,wide,17,0,day_first,,"publication statement (title, filename or body)",
home-office-government-major-projects-portfolio-data-2014,2014,home-office,2014/home-office/HO_Government_Major_Projects_Portfolio_data__September_2013__CSV_.csv,2013-09-30,14,transposed,15,0,day_first,,"publication statement (title, filename or body)",
ho-government-major-projects-portfolio-data-2018,2018,ho,2018/ho/csv-ho-government-major-projects-portfolio-data-september-2017.csv,2017-09-30,12,transposed,14,0,day_first,,"publication statement (title, filename or body)",
hmrc-government-major-projects-portfolio-data-2019,2019,hmrc,2019/hmrc/HMRC_Government_Major_Projects_Portfolio_data_September_2018.csv,2018-09-30,7,transposed,15,0,day_first,,"publication statement (title, filename or body)",
beis-government-major-projects-portfolio-data-2019,2019,beis,2019/beis/BEIS_Government_Major_Projects_Portfolio_data_September_2018.csv,2018-09-30,9,transposed,15,0,day_first,,"publication statement (title, filename or body)",
government-major-projects-portfolio-data-for-bis-2013,2013,bis,2013/bis/BIS-_gmpp-data-q2-2012-13.csv,2012-09-30,10,transposed,13,0,month_first,,publication-year table,
defra-government-major-projects-portfolio-data-2021,2021,defra,2021/defra/DEFRA_Government_Major_Projects_Portofolio_Data_March_2021.csv,2021-03-31,8,wide,16,0,day_first,,"publication statement (title, filename or body)",
moj-government-major-projects-portfolio-data-2019,2019,moj,2019/moj/MoJ_Government_Major_Projects_Portfolio_data_September_2018.csv,2018-09-30,12,transposed,15,0,day_first,,"publication statement (title, filename or body)",
beis-government-major-projects-portfolio-data-2018,2018,beis,2018/beis/csv-beis-goverment-major-projects-data-september-2017.csv,2017-09-30,8,transposed,14,0,day_first,,"publication statement (title, filename or body)",
dcms-government-major-projects-portfolio-data-2024,2024,dcms,2024/dcms/DCMS_Government_Major_Projects_Portofolio_AR_Data_March_2024.csv,2024-03-31,6,wide,19,0,day_first,,"publication statement (title, filename or body)",
ho-government-major-projects-portfolio-data-2017,2017,ho,2017/ho/HO_Government_Major_Project_Portfolio_data__September_2016.csv,2016-09-30,11,transposed,14,0,day_first,,"publication statement (title, filename or body)",
co-government-major-projects-portfolio-data-2015,2015,co,2015/co/CO_Government_Major_Project_Portfolio_data_September_2014.csv,2014-09-30,5,transposed,15,0,day_first,,"publication statement (title, filename or body)",
hmrc-government-major-projects-portfolio-data-2018,2018,hmrc,2018/hmrc/csv-HMRC-government-major-projects-portfolio-data-september-2017.csv,2017-09-30,7,transposed,14,0,day_first,,"publication statement (title, filename or body)",
dcms-government-major-projects-portfolio-data-2023,2023,dcms,2023/dcms/DCMS_Government_Major_Projects_Portofolio_Data_March_2023.csv,2023-03-31,4,wide,19,0,day_first,,"publication statement (title, filename or body)",
ho-government-major-projects-portfolio-data-2015,2015,ho,2015/ho/HO_Government_Major_Projects_Portfolio_data_September_2014.csv,2014-09-30,11,transposed,15,0,day_first,,"publication statement (title, filename or body)",
co-government-major-projects-portfolio-data-2016,2016,co,2016/co/CO_Government_Major_Projects_Portfolio_Data__September_2015.csv,2015-09-30,9,transposed,14,0,day_first,,"publication statement (title, filename or body)",
dfe-government-major-projects-portfolio-data-2019,2019,dfe,2019/dfe/DfE_Government_Major_Projects_Portfolio_data_September_2018.csv,2018-09-30,5,transposed,15,0,day_first,,"publication statement (title, filename or body)",
dbt-government-major-projects-portfolio-data-2023,2023,dbt,2023/dbt/DBT_Government_Major_Projects_Portofolio_Data_March_2023.csv,2023-03-31,3,wide,19,0,day_first,,"publication statement (title, filename or body)",
hm-revenue-customs-government-major-projects-portfolio-data-2017,2017,hm-revenue-customs,2017/hm-revenue-customs/HMRC_Government_Major_Projects_Portfolio_data_September_2016.csv,2016-09-30,6,transposed,16,0,day_first,,"publication statement (title, filename or body)",
dhsc-government-major-projects-portfolio-data-2021,2021,dhsc,2021/dhsc/DHSC_Government_Major_Projects_Portofolio_Data_March_2021.csv,2021-03-31,7,wide,16,0,day_first,,"publication statement (title, filename or body)",
fcdo-government-major-projects-portfolio-data-2021,2021,fcdo,2021/fcdo/FCDO_Government_Major_Projects_Portofolio_Data_March_2021.csv,2021-03-31,5,wide,16,0,day_first,,"publication statement (title, filename or body)",
co-government-major-projects-portfolio-data-2018,2018,co,2018/co/csv-co-government-major-projects-portfolio-data-september-2017.csv,2017-09-30,8,transposed,14,0,day_first,,"publication statement (title, filename or body)",
mhclg-government-major-projects-portfolio-data-2021,2021,mhclg,2021/mhclg/MHCLG_Government_Major_Projects_Portofolio_Data_March_2021.csv,2021-03-31,5,wide,16,0,day_first,,"publication statement (title, filename or body)",
dfe-government-major-projects-portfolio-data-2018,2018,dfe,2018/dfe/DfE-Government_Major_Project_Portfolio_data_September_2017.csv,2017-09-30,5,transposed,14,0,day_first,,"publication statement (title, filename or body)",
decc-government-major-projects-portfolio-data-2016,2016,decc,2016/decc/DECC_Government_Major_Projects_Portfolio_Data_September_2015.csv,2015-09-30,6,transposed,14,0,day_first,,"publication statement (title, filename or body)",
dwp-government-major-projects-portfolio-data-2021,2021,dwp,2021/dwp/DWP_Government_Major_Projects_Portofolio_Data_March_2021.csv,2021-03-31,5,wide,16,0,day_first,,"publication statement (title, filename or body)",
bis-government-major-projects-portfolio-data-2015,2015,bis,2015/bis/BIS_Government_Major_Project_Portfolio_data_September_2014_CSV.csv,2014-09-30,7,transposed,15,0,day_first,,"publication statement (title, filename or body)",
fco-government-major-projects-portfolio-data-2019,2019,fco,2019/fco/FCO_Government_Major_Projects_Portfolio_data_September_2018.csv,2018-09-30,4,transposed,15,0,day_first,,"publication statement (title, filename or body)",
hm-revenue-customs-government-major-projects-portfolio-data-2014,2014,hm-revenue-customs,2014/hm-revenue-customs/HMRC_Government_Major_Projects_Portfolio_data__September_2013__CSV_.csv,2013-09-30,8,transposed,15,0,day_first,,"publication statement (title, filename or body)",
hm-revenue-customs-government-major-projects-portfolio-data-2015,2015,hm-revenue-customs,2015/hm-revenue-customs/HMRC_Government_Major_Projects_Portfolio_data__September_2014v2.csv,2014-09-30,8,transposed,15,0,day_first,,"publication statement (title, filename or body)",
fco-government-major-projects-portfolio-data-2020,2020,fco,2020/fco/FCO_Government_Major_Projects_Portfolio_data_September_2019.csv,2019-09-30,3,transposed,16,0,day_first,,"publication statement (title, filename or body)",
fcdo-government-major-projects-portfolio-data-2023,2023,fcdo,2023/fcdo/FCDO_Government_Major_Projects_Portofolio_Data_March_2023.csv,2023-03-31,4,wide,19,0,day_first,,"publication statement (title, filename or body)",
co-government-major-projects-portfolio-data-2017,2017,co,2017/co/CO_Annual_Report_-_consolidated_data_and_narratives.csv,2016-09-30,6,transposed,16,0,day_first,,"publication statement (title, filename or body)",
dfe-government-major-projects-portfolio-data-2017,2017,dfe,2017/dfe/DfE_Government_Major_Project_Portfolio_data__September_2016__CSV_.csv,2016-09-30,5,transposed,16,0,day_first,,"publication statement (title, filename or body)",
ons-government-major-projects-portfolio-data-2024,2024,ons,2024/ons/ONS_Government_Major_Projects_Portofolio_AR_Data_March_2024.csv,2024-03-31,3,wide,19,0,day_first,,"publication statement (title, filename or body)",
government-major-projects-portfolio-data-for-cabinet-office-2013,2013,cabinet-office,2013/cabinet-office/gmpp-data-cabinet-office-q2-2012-13.csv,2012-09-30,5,transposed,13,0,day_first,,publication-year table,
dcms-government-major-projects-portfolio-data-2019,2019,dcms,2019/dcms/DCMS_Government_Major_Projects_Portfolio_data_September_2018.csv,2018-09-30,5,transposed,15,0,day_first,,"publication statement (title, filename or body)",
fcdo-government-major-projects-portfolio-data-2022,2022,fcdo,2022/fcdo/FCDO_Government_Major_Projects_Portfolio_Data_March_2022.csv,2022-03-31,5,wide,17,0,day_first,,"publication statement (title, filename or body)",
fco-government-major-projects-portfolio-data-2018,2018,fco,2018/fco/csv-fco-government-major-project-portfolio-data-september-2017.csv,2017-09-30,2,transposed,14,0,day_first,,"publication statement (title, filename or body)",
co-government-major-projects-portfolio-data-2019,2019,co,2019/co/CO_Government_Major_Projects_Portfolio_data_September_2018.csv,2018-09-30,7,transposed,15,0,day_first,,"publication statement (title, filename or body)",
fco-government-major-projects-portfolio-data-2015,2015,fco,2015/fco/FCO_Government_Major_Projects_Portfolio_data__September_2014.csv,2014-09-30,4,transposed,15,0,day_first,,"publication statement (title, filename or body)",
dcms-government-major-projects-portfolio-data-2015,2015,dcms,2015/dcms/DCMS_Government_Major_Projects_Portfolio_data__September_2014__CSV_.csv,2014-09-30,5,transposed,15,0,day_first,,"publication statement (title, filename or body)",
dcms-government-major-projects-portfolio-data-2014,2014,dcms,2014/dcms/DCMS_Government_Major_Projects_Portfolio_data__September_2013__CSV_.csv,2013-09-30,6,transposed,15,0,day_first,,"publication statement (title, filename or body)",
defra-government-major-projects-portfolio-data-2017,2017,defra,2017/defra/Defra_Government_Major_Project_Portfolio_data__September_2016.csv,2016-09-30,4,transposed,14,0,day_first,,"publication statement (title, filename or body)",
dcms-government-major-projects-portfolio-data-2016,2016,dcms,2016/dcms/DCMS_Government_Major_Projects_Portfolio_Data__September_2015.csv,2015-09-30,4,transposed,14,0,day_first,,"publication statement (title, filename or body)",
government-major-projects-portfolio-data-for-defra,2014,defra,2014/defra/Government_Major_Project_Portfolio_data__September_2014.csv,2014-09-30,3,transposed,15,0,day_first,,"publication statement (title, filename or body)",
government-major-projects-portfolio-data-for-defra-2015,2015,defra,2015/defra/Government_Major_Project_Portfolio_data__September_2014.csv,2014-09-30,3,transposed,15,0,day_first,,"publication statement (title, filename or body)",
ons-government-major-projects-portfolio-data-2023,2023,ons,2023/ons/ONS_Government_Major_Projects_Portofolio_Data_March_2023.csv,2023-03-31,2,wide,19,0,day_first,,"publication statement (title, filename or body)",
dfid-government-major-projects-portfolio-data-2020,2020,dfid,2020/dfid/DfID_Government_Major_Projects_Portfolio_data_September_2019.csv,2019-09-30,1,transposed,16,0,day_first,,"publication statement (title, filename or body)",
fco-government-major-projects-portfolio-data-2016,2016,fco,2016/fco/FCO_Government_Major_Projects_Portfolio_Data__September_2015.csv,2015-09-30,5,transposed,14,0,day_first,,"publication statement (title, filename or body)",
defra-government-major-projects-portfolio-data-2016,2016,defra,2016/defra/DEFRA_Government_Major_Projects_Portfolio_Data_September_2015.csv,2015-09-30,4,transposed,14,0,day_first,,"publication statement (title, filename or body)",
fco-government-major-projects-portfolio-data-2014,2014,fco,2014/fco/140327_FCO_Q2_2013-14_Transparency_Data__csv_.csv,2013-09-30,5,transposed,15,0,month_first,,"publication statement (title, filename or body)",
government-major-projects-portfolio-data-for-dclg-2013,2013,dclg,2013/dclg/gmpp-data-DCLG-q2-2012-13.csv,2012-09-30,4,transposed,13,0,day_first,,publication-year table,
government-major-projects-portfolio-data-for-dcms-2013,2013,dcms,2013/dcms/gmpp-data-DCMS-q2-2012-13.csv,2012-09-30,6,transposed,13,0,day_first,,publication-year table,
dfe-government-major-projects-portfolio-data-2015,2015,dfe,2015/dfe/DfE_Government_Major_Projects_Portfolio_data__September_2014.csv,2014-09-30,3,transposed,15,0,day_first,,"publication statement (title, filename or body)",
hm-revenue-customs-government-major-projects-portfolio-data-2016,2016,hm-revenue-customs,2016/hm-revenue-customs/HMRC_Government_Major_Projects_Portfolio_data_September_2015.csv,2015-09-30,3,transposed,14,0,day_first,,"publication statement (title, filename or body)",
dclg-government-major-projects-portfolio-data-2014,2014,dclg,2014/dclg/DCLG_Government_Major_Projects_Portfolio_data__September_2013__CSV_.csv,2013-09-30,3,transposed,15,0,day_first,,"publication statement (title, filename or body)",
fcdo-government-major-projects-portfolio-data-2024,2024,fcdo,2024/fcdo/FCDO_Government_Major_Projects_Portofolio_AR_Data_March_2024.csv,2024-03-31,3,wide,19,0,day_first,,"publication statement (title, filename or body)",
bis-government-major-projects-portfolio-data-2016,2016,bis,2016/bis/bis-gmpp-data-september-2015.csv,2015-09-30,5,transposed,14,0,day_first,,"publication statement (title, filename or body)",
government-major-projects-portfolio-data-for-hmrc-2013,2013,hmrc,2013/hmrc/gmpp-data-HMRC-q2-2012-13.csv,2012-09-30,9,transposed,13,0,day_first,,publication-year table,
dclg-government-major-projects-portfolio-data-2015,2015,dclg,2015/dclg/DCLG_Government_Major_Projects_Portfolio_data_September_2014.csv,2014-09-30,2,transposed,15,0,day_first,,"publication statement (title, filename or body)",
dcms-government-major-projects-portfolio-data-2017,2017,dcms,2017/dcms/DCMS_Major_Projects_Portofolio_Data__September_2016__CVS_.csv,2016-09-30,4,transposed,14,0,day_first,,"publication statement (title, filename or body)",
government-major-projects-portfolio-data-for-the-department-for-education-2013--2,2013,the-department-for-education,2013/the-department-for-education/gmpp-data-DfE-q2-2012-13.csv,2012-09-30,2,transposed,13,0,day_first,,publication-year table,
dfe-government-major-projects-portfolio-data-2016,2016,dfe,2016/dfe/DFE_Government_Major_Projects_Portfolio_Data__September_2015.csv,2015-09-30,3,transposed,14,0,day_first,,"publication statement (title, filename or body)",
dcms-government-major-projects-portfolio-data-2018,2018,dcms,2018/dcms/csv-DCMS-government-major-projects-portofolio-data-september-2017.csv,2017-09-30,3,transposed,14,0,day_first,,"publication statement (title, filename or body)",
hmt-government-major-projects-portfolio-data-2023,2023,hmt,2023/hmt/HMT_Government_Major_Projects_Portofolio_Data_March_2023.csv,2023-03-31,1,wide,19,0,day_first,,"publication statement (title, filename or body)",
dwp-government-major-projects-portfolio-data-2019,2019,dwp,2019/dwp/DWP_Government_Major_Projects_Portfolio_data_September_2018_.csv,2018-09-30,3,transposed,15,0,day_first,,"publication statement (title, filename or body)",
voa-government-major-projects-portfolio-data-2024,2024,voa,2024/voa/VOA_Government_Major_Projects_Portofolio_AR_Data_March_2024.csv,2024-03-31,2,wide,19,0,day_first,,"publication statement (title, filename or body)",
dbt-government-major-projects-portfolio-data-2024,2024,dbt,2024/dbt/DBT_Government_Major_Projects_Portofolio_AR_Data_March_2024.csv,2024-03-31,1,wide,19,0,day_first,,"publication statement (title, filename or body)",
defra-government-major-projects-portfolio-data-2020,2020,defra,2020/defra/DEFRA_Government_Major_Projects_Portfolio_data_September_2019.csv,2019-09-30,1,transposed,16,0,day_first,,"publication statement (title, filename or body)",
fco-government-major-projects-portfolio-data-2017,2017,fco,2017/fco/government-major-project-portfolio-data-september-2016.csv,2016-09-30,4,transposed,14,0,month_first,,"publication statement (title, filename or body)",
hmt-government-major-projects-portfolio-data-2015,2015,hmt,2015/hmt/HMT_Government_Major_Projects_Portfolio_data__September_2014.csv,2014-09-30,1,transposed,15,0,day_first,,"publication statement (title, filename or body)",
hmt-government-major-projects-portfolio-data-2024,2024,hmt,2024/hmt/HMT_Government_Major_Projects_Portofolio_AR_Data_March_2024.csv,2024-03-31,1,wide,19,0,day_first,,"publication statement (title, filename or body)",
nca-government-major-projects-portfolio-data-2023,2023,nca,2023/nca/NCA_Government_Major_Projects_Portofolio_Data_March_2023.csv,2023-03-31,1,wide,19,0,day_first,,"publication statement (title, filename or body)",
nca-government-major-projects-portfolio-data-2024,2024,nca,2024/nca/NCA_Government_Major_Projects_Portofolio_AR_Data_March_2024.csv,2024-03-31,1,wide,19,0,day_first,,"publication statement (title, filename or body)",
government-major-projects-portfolio-data-for-the-foreign-and-commonwealth-office-2013,2013,the-foreign-and-commonwealth-office,2013/the-foreign-and-commonwealth-office/gmpp-data-FCO-q2-2012-13.csv,2012-09-30,6,transposed,13,0,day_first,,publication-year table,
hmlr-government-major-projects-portfolio-data-2023,2023,hmlr,2023/hmlr/HMLR_Government_Major_Projects_Portofolio_Data_March_2023.csv,2023-03-31,1,wide,19,0,day_first,,"publication statement (title, filename or body)",
hmlr-government-major-projects-portfolio-data-2024,2024,hmlr,2024/hmlr/HMLR_Government_Major_Projects_Portofolio_AR_Data_March_2024.csv,2024-03-31,1,wide,19,0,day_first,,"publication statement (title, filename or body)",
dfe-government-major-projects-portfolio-data-2014,2014,dfe,2014/dfe/DfE_Government_Major_Projects_Portfolio_data__September_2013__CSV_.csv,2013-09-30,2,transposed,15,0,day_first,,"publication statement (title, filename or body)",
dwp-government-major-projects-portfolio-data-2020,2020,dwp,2020/dwp/DWP_Government_Major_Projects_Portfolio_data_September_2019.csv,2019-09-30,3,transposed,16,0,day_first,,"publication statement (title, filename or body)",
dfid-government-major-projects-portfolio-data-2019,2019,dfid,2019/dfid/DfID_Government_Major_Projects_Portfolio_data_September_2018.csv,2018-09-30,1,transposed,15,0,day_first,,"publication statement (title, filename or body)",
defra-government-major-projects-portfolio-data-2019,2019,defra,2019/defra/DEFRA_Government_Major_Projects_Portfolio_data_September_2018.csv,2018-09-30,1,transposed,15,0,day_first,,"publication statement (title, filename or body)",
voa-government-major-projects-portfolio-data-2023,2023,voa,2023/voa/VOA_Government_Major_Projects_Portofolio_Data_March_2023.csv,2023-03-31,1,wide,19,0,day_first,,"publication statement (title, filename or body)",
dfid-government-major-projects-portfolio-data-2014,2014,dfid,2014/dfid/DFID-Government-Major-Projects-Portfolio-data-September-2013.csv,2013-09-30,1,transposed,15,0,day_first,,"publication statement (title, filename or body)",
hmt-government-major-projects-portfolio-data-2022,2022,hmt,2022/hmt/HMT_Government_Major_Projects_Portfolio_Data_March_2022.csv,2022-03-31,1,wide,17,0,day_first,,"publication statement (title, filename or body)",
hmt-government-major-projects-portfolio-data-2014,2014,hmt,2014/hmt/HMT_Government_Major_Projects_Portfolio_data__September_2013__CSV_.csv,2013-09-30,1,transposed,15,0,day_first,,"publication statement (title, filename or body)",
dfid-government-major-projects-portfolio-data-2018,2018,dfid,2018/dfid/csv-dfid-government-major-project-portfolio-data-september-2017.csv,2017-09-30,1,transposed,14,0,day_first,,"publication statement (title, filename or body)",
dfid-government-major-projects-portfolio-data-2017,2017,dfid,2017/dfid/DFID-Government-Major-Project-Portfolio-data-September-2016.csv,2016-09-30,1,transposed,14,0,day_first,,"publication statement (title, filename or body)",
government-major-projects-portfolio-data-for-hm-treasury-2013,2013,hm-treasury,2013/hm-treasury/gmpp-data-HMT-q2-2012-13_ELPS.csv,2012-09-30,2,transposed,13,0,day_first,,publication-year table,
hmlr-government-major-projects-portfolio-data-2021,2021,hmlr,2021/hmlr/HMLR_Government_Major_Projects_Portofolio_Data_March_2021.csv,2021-03-31,1,wide,16,0,day_first,,"publication statement (title, filename or body)",
dfid-government-major-projects-portfolio-data-2016,2016,dfid,2016/dfid/DFID-Government-Major-Projects-Portfolio-data-September-2015.csv,2015-09-30,1,transposed,14,0,day_first,,"publication statement (title, filename or body)",
hmlr-government-major-projects-portfolio-data-2022,2022,hmlr,2022/hmlr/HMLR_Government_Major_Projects_Portfolio_Data_March_2022.csv,2022-03-31,1,wide,17,0,day_first,,"publication statement (title, filename or body)",
hmt-government-major-projects-portfolio-data-2021,2021,hmt,2021/hmt/HMT_Government_Major_Projects_Portofolio_Data_March_2021.csv,2021-03-31,1,wide,16,0,day_first,,"publication statement (title, filename or body)",
dfid-government-major-projects-portfolio-data-2015,2015,dfid,2015/dfid/DFID-Government-Major-Projects-Portfolio-data-September-2014.csv,2014-09-30,1,transposed,15,0,day_first,,"publication statement (title, filename or body)",
government-major-projects-portfolio-data-for-dfid-2013,2013,dfid,2013/dfid/gmpp-data-DfID-q2-2012-13a.csv,2012-09-30,1,transposed,13,0,day_first,,publication-year table,
defra-government-major-projects-portfolio-data-2018,2018,defra,2018/defra/csv-Defra_Government_Major_Project_Portfolio_data__September_2017.csv,2017-09-30,1,transposed,14,0,day_first,,"publication statement (title, filename or body)",
