outcome,outcome_label,department_norm,scale,n,n_projects,base_rate,auc,brier,skill_vs_base_rate
wlc_growth_1y_gt_10,Baseline whole-life cost up more than 10 per cent,BEIS/DBT,five_point,57,28,0.2105,0.5231,0.2642,-0.5894
wlc_growth_1y_gt_10,Baseline whole-life cost up more than 10 per cent,CO,five_point,46,22,0.3696,0.6237,0.249,-0.0686
wlc_growth_1y_gt_10,Baseline whole-life cost up more than 10 per cent,DCMS,five_point,40,16,0.175,0.4805,0.3046,-1.1095
wlc_growth_1y_gt_10,Baseline whole-life cost up more than 10 per cent,DFT,five_point,95,30,0.1789,0.6546,0.2602,-0.7709
wlc_growth_1y_gt_10,Baseline whole-life cost up more than 10 per cent,DH/DHSC,five_point,98,46,0.2143,0.6636,0.2745,-0.6302
wlc_growth_1y_gt_10,Baseline whole-life cost up more than 10 per cent,HMRC,five_point,45,21,0.3556,0.75,0.2044,0.108
wlc_growth_1y_gt_10,Baseline whole-life cost up more than 10 per cent,HO,five_point,66,25,0.3788,0.5176,0.3052,-0.2968
wlc_growth_1y_gt_10,Baseline whole-life cost up more than 10 per cent,HO,three_point,40,21,0.375,0.5773,0.2688,-0.1469
wlc_growth_1y_gt_10,Baseline whole-life cost up more than 10 per cent,MOD,five_point,171,51,0.1988,0.571,0.2921,-0.8334
wlc_growth_1y_gt_10,Baseline whole-life cost up more than 10 per cent,MOD,three_point,67,27,0.2985,0.5255,0.2683,-0.2812
wlc_growth_1y_gt_10,Baseline whole-life cost up more than 10 per cent,MOJ,five_point,84,40,0.2857,0.6299,0.2744,-0.3447
wlc_growth_1y_gt_25,Baseline whole-life cost up more than 25 per cent,BEIS/DBT,five_point,57,28,0.1228,0.5729,0.2554,-1.3708
wlc_growth_1y_gt_25,Baseline whole-life cost up more than 25 per cent,CO,five_point,46,22,0.2391,0.7078,0.2381,-0.3086
wlc_growth_1y_gt_25,Baseline whole-life cost up more than 25 per cent,DCMS,five_point,40,16,0.1,0.3889,0.3171,-2.5229
wlc_growth_1y_gt_25,Baseline whole-life cost up more than 25 per cent,DFT,five_point,95,30,0.0947,0.5439,0.2897,-2.3775
wlc_growth_1y_gt_25,Baseline whole-life cost up more than 25 per cent,DH/DHSC,five_point,98,46,0.1837,0.6684,0.2796,-0.8646
wlc_growth_1y_gt_25,Baseline whole-life cost up more than 25 per cent,HMRC,five_point,45,21,0.2667,0.7513,0.2155,-0.102
wlc_growth_1y_gt_25,Baseline whole-life cost up more than 25 per cent,HO,five_point,66,25,0.197,0.5116,0.34,-1.1496
wlc_growth_1y_gt_25,Baseline whole-life cost up more than 25 per cent,HO,three_point,40,21,0.25,0.525,0.3038,-0.6203
wlc_growth_1y_gt_25,Baseline whole-life cost up more than 25 per cent,MOD,five_point,171,51,0.0877,0.5216,0.3149,-2.9346
wlc_growth_1y_gt_25,Baseline whole-life cost up more than 25 per cent,MOD,three_point,67,27,0.1642,0.5162,0.2787,-1.0312
wlc_growth_1y_gt_25,Baseline whole-life cost up more than 25 per cent,MOJ,five_point,84,40,0.2381,0.6953,0.2649,-0.4603
slip_1y_gt_6m,End date slipped more than 6 months,BEIS/DBT,five_point,58,29,0.2931,0.6815,0.2191,-0.0574
slip_1y_gt_6m,End date slipped more than 6 months,CO,five_point,50,22,0.18,0.5921,0.2676,-0.8127
slip_1y_gt_6m,End date slipped more than 6 months,DCMS,five_point,41,16,0.2195,0.4688,0.3109,-0.8144
slip_1y_gt_6m,End date slipped more than 6 months,DFT,five_point,97,31,0.1546,0.5289,0.2813,-1.1515
slip_1y_gt_6m,End date slipped more than 6 months,DFT,three_point,53,19,0.2264,0.6646,0.2071,-0.1823
slip_1y_gt_6m,End date slipped more than 6 months,DH/DHSC,five_point,104,49,0.1538,0.7102,0.2794,-1.1461
slip_1y_gt_6m,End date slipped more than 6 months,HMRC,five_point,45,21,0.2444,0.6791,0.2377,-0.2871
slip_1y_gt_6m,End date slipped more than 6 months,HMRC,three_point,42,22,0.3333,0.4515,0.29,-0.305
slip_1y_gt_6m,End date slipped more than 6 months,HO,five_point,76,27,0.2895,0.6679,0.2719,-0.3218
slip_1y_gt_6m,End date slipped more than 6 months,HO,three_point,53,23,0.3774,0.6167,0.2513,-0.0696
slip_1y_gt_6m,End date slipped more than 6 months,MOD,five_point,220,64,0.1545,0.5746,0.3067,-1.3472
slip_1y_gt_6m,End date slipped more than 6 months,MOD,three_point,144,42,0.2708,0.5516,0.2854,-0.445
slip_1y_gt_6m,End date slipped more than 6 months,MOJ,five_point,89,43,0.191,0.6234,0.2923,-0.8916
slip_1y_gt_6m,End date slipped more than 6 months,MOJ,three_point,54,28,0.4074,0.5739,0.2425,-0.0046
slip_1y_gt_12m,End date slipped more than 12 months,BEIS/DBT,five_point,58,29,0.1897,0.7108,0.2243,-0.4593
slip_1y_gt_12m,End date slipped more than 12 months,CO,five_point,50,22,0.1,0.5911,0.2716,-2.0172
slip_1y_gt_12m,End date slipped more than 12 months,DCMS,five_point,41,16,0.122,0.55,0.2987,-1.7891
slip_1y_gt_12m,End date slipped more than 12 months,DFT,five_point,97,31,0.1134,0.4625,0.2916,-1.9
slip_1y_gt_12m,End date slipped more than 12 months,DFT,three_point,53,19,0.1509,0.6917,0.2071,-0.6158
slip_1y_gt_12m,End date slipped more than 12 months,DH/DHSC,five_point,104,49,0.0769,0.5924,0.3159,-3.4491
slip_1y_gt_12m,End date slipped more than 12 months,HMRC,five_point,45,21,0.1333,0.7137,0.2488,-1.1534
slip_1y_gt_12m,End date slipped more than 12 months,HMRC,three_point,42,22,0.2381,0.4406,0.29,-0.5986
slip_1y_gt_12m,End date slipped more than 12 months,HO,five_point,76,27,0.2632,0.6875,0.2719,-0.4021
slip_1y_gt_12m,End date slipped more than 12 months,HO,three_point,53,23,0.2453,0.6529,0.2645,-0.429
slip_1y_gt_12m,End date slipped more than 12 months,MOD,five_point,220,64,0.1182,0.5672,0.3135,-2.0082
slip_1y_gt_12m,End date slipped more than 12 months,MOD,three_point,144,42,0.2292,0.5561,0.2902,-0.6429
slip_1y_gt_12m,End date slipped more than 12 months,MOJ,five_point,89,43,0.1573,0.6914,0.2867,-1.1627
slip_1y_gt_12m,End date slipped more than 12 months,MOJ,three_point,54,28,0.2037,0.5814,0.2425,-0.4953
red_next,Rated Red at the next snapshot,BEIS/DBT,five_point,44,19,0.0227,0.9302,0.2415,-9.8721
red_next,Rated Red at the next snapshot,CO,five_point,42,18,0.0476,0.75,0.27,-4.9535
red_next,Rated Red at the next snapshot,DFT,five_point,84,22,0.0833,0.743,0.2727,-2.5696
red_next,Rated Red at the next snapshot,DFT,three_point,68,24,0.1176,0.6552,0.2343,-1.2571
red_next,Rated Red at the next snapshot,DH/DHSC,five_point,93,40,0.0538,0.6659,0.3363,-5.6115
red_next,Rated Red at the next snapshot,HMRC,three_point,42,22,0.0476,0.7375,0.2567,-4.6595
red_next,Rated Red at the next snapshot,HO,five_point,65,21,0.0462,0.5511,0.3232,-6.3405
red_next,Rated Red at the next snapshot,HO,three_point,55,24,0.1818,0.5289,0.3022,-1.0313
red_next,Rated Red at the next snapshot,MOD,five_point,204,58,0.0686,0.7006,0.3036,-3.7501
red_next,Rated Red at the next snapshot,MOD,three_point,165,48,0.2424,0.712,0.25,-0.3612
red_next,Rated Red at the next snapshot,MOJ,five_point,76,34,0.0395,0.5114,0.3468,-8.146
red_next,Rated Red at the next snapshot,MOJ,three_point,68,27,0.0882,0.6801,0.2407,-1.9924
worsened_next,Rating worse at the next snapshot,BEIS/DBT,five_point,44,19,0.1818,0.4201,0.2756,-0.8524
worsened_next,Rating worse at the next snapshot,CO,five_point,42,18,0.119,0.3108,0.32,-2.0512
worsened_next,Rating worse at the next snapshot,DFT,five_point,84,22,0.1905,0.3539,0.337,-1.1853
worsened_next,Rating worse at the next snapshot,DFT,three_point,68,24,0.0882,0.3737,0.2755,-2.4242
worsened_next,Rating worse at the next snapshot,DH/DHSC,five_point,93,40,0.2258,0.2278,0.3998,-1.2869
worsened_next,Rating worse at the next snapshot,HMRC,three_point,42,22,0.0714,0.1752,0.3067,-3.6236
worsened_next,Rating worse at the next snapshot,HO,five_point,65,21,0.2462,0.3603,0.3432,-0.8493
worsened_next,Rating worse at the next snapshot,HO,three_point,55,24,0.1636,0.3587,0.3404,-1.487
worsened_next,Rating worse at the next snapshot,MOD,five_point,204,58,0.2255,0.2908,0.3664,-1.0978
worsened_next,Rating worse at the next snapshot,MOD,three_point,165,48,0.1515,0.3129,0.3561,-1.7696
worsened_next,Rating worse at the next snapshot,MOJ,five_point,76,34,0.1974,0.2568,0.3862,-1.4382
worsened_next,Rating worse at the next snapshot,MOJ,three_point,68,27,0.1029,0.2951,0.2922,-2.1643
worsened_next_excl_worst,"Rating worse at the next snapshot, excluding projects already on the worst rating",BEIS/DBT,five_point,44,19,0.1818,0.4201,0.2756,-0.8524
worsened_next_excl_worst,"Rating worse at the next snapshot, excluding projects already on the worst rating",CO,five_point,40,18,0.125,0.3286,0.2955,-1.7017
worsened_next_excl_worst,"Rating worse at the next snapshot, excluding projects already on the worst rating",DFT,five_point,78,21,0.2051,0.3881,0.3006,-0.8435
worsened_next_excl_worst,"Rating worse at the next snapshot, excluding projects already on the worst rating",DFT,three_point,62,23,0.0968,0.4137,0.2322,-1.6567
worsened_next_excl_worst,"Rating worse at the next snapshot, excluding projects already on the worst rating",DH/DHSC,five_point,88,38,0.2386,0.2448,0.3765,-1.0721
worsened_next_excl_worst,"Rating worse at the next snapshot, excluding projects already on the worst rating",HO,five_point,63,21,0.254,0.3757,0.3283,-0.7329
worsened_next_excl_worst,"Rating worse at the next snapshot, excluding projects already on the worst rating",HO,three_point,45,23,0.2,0.4583,0.2554,-0.5965
worsened_next_excl_worst,"Rating worse at the next snapshot, excluding projects already on the worst rating",MOD,five_point,190,58,0.2421,0.3191,0.3337,-0.8185
worsened_next_excl_worst,"Rating worse at the next snapshot, excluding projects already on the worst rating",MOD,three_point,132,46,0.1894,0.4093,0.2645,-0.7225
worsened_next_excl_worst,"Rating worse at the next snapshot, excluding projects already on the worst rating",MOJ,five_point,73,34,0.2055,0.2701,0.3688,-1.2592
worsened_next_excl_worst,"Rating worse at the next snapshot, excluding projects already on the worst rating",MOJ,three_point,63,27,0.1111,0.3214,0.2581,-1.6128
permanent_exit_next,Left the portfolio and did not return,BEIS/DBT,five_point,81,38,0.284,0.3703,0.3079,-0.5145
permanent_exit_next,Left the portfolio and did not return,CO,five_point,67,25,0.2388,0.4246,0.3063,-0.6849
permanent_exit_next,Left the portfolio and did not return,CO,three_point,43,19,0.3023,0.5,0.2842,-0.3473
permanent_exit_next,Left the portfolio and did not return,DCLG/MHCLG,three_point,44,15,0.1364,0.5351,0.3045,-1.5855
permanent_exit_next,Left the portfolio and did not return,DCMS,five_point,49,16,0.1633,0.1098,0.3658,-1.6774
permanent_exit_next,Left the portfolio and did not return,DECC/DESNZ,three_point,47,22,0.2128,0.5514,0.2422,-0.4459
permanent_exit_next,Left the portfolio and did not return,DEFRA,three_point,46,17,0.1739,0.3701,0.3272,-1.2777
permanent_exit_next,Left the portfolio and did not return,DFE,five_point,41,20,0.2439,0.1968,0.4037,-1.1892
permanent_exit_next,Left the portfolio and did not return,DFE,three_point,42,14,0.1905,0.2868,0.29,-0.8807
permanent_exit_next,Left the portfolio and did not return,DFT,five_point,139,53,0.2518,0.4786,0.3131,-0.6619
permanent_exit_next,Left the portfolio and did not return,DFT,three_point,80,24,0.1125,0.4804,0.2631,-1.6354
permanent_exit_next,Left the portfolio and did not return,DH/DHSC,five_point,171,70,0.3743,0.3674,0.358,-0.5288
permanent_exit_next,Left the portfolio and did not return,DWP,five_point,63,28,0.381,0.4199,0.3178,-0.3475
permanent_exit_next,Left the portfolio and did not return,FCO/FCDO,five_point,46,15,0.2391,0.2753,0.3097,-0.7023
permanent_exit_next,Left the portfolio and did not return,HMRC,five_point,64,27,0.2969,0.3164,0.3349,-0.6045
permanent_exit_next,Left the portfolio and did not return,HMRC,three_point,60,23,0.3,0.3492,0.3136,-0.4933
permanent_exit_next,Left the portfolio and did not return,HO,five_point,106,40,0.2547,0.2897,0.3772,-0.9869
permanent_exit_next,Left the portfolio and did not return,HO,three_point,66,25,0.1667,0.3223,0.3399,-1.4472
permanent_exit_next,Left the portfolio and did not return,MOD,five_point,288,82,0.1736,0.3132,0.3525,-1.457
permanent_exit_next,Left the portfolio and did not return,MOD,three_point,181,52,0.0663,0.3203,0.3378,-4.4568
permanent_exit_next,Left the portfolio and did not return,MOJ,five_point,136,60,0.3235,0.3265,0.3729,-0.704
permanent_exit_next,Left the portfolio and did not return,MOJ,three_point,89,36,0.2247,0.3058,0.3064,-0.7589
