outcome,snapshot,n,base_rate,auc
wlc_growth_1y_gt_10,2012-09-30,93,0.1613,0.7064
wlc_growth_1y_gt_10,2013-09-30,100,0.22,0.6649
wlc_growth_1y_gt_10,2014-09-30,84,0.2143,0.6418
wlc_growth_1y_gt_10,2015-09-30,91,0.2527,0.6145
wlc_growth_1y_gt_10,2016-09-30,91,0.1868,0.4535
wlc_growth_1y_gt_10,2017-09-30,88,0.2386,0.5817
wlc_growth_1y_gt_10,2018-09-30,87,0.2414,0.6677
wlc_growth_1y_gt_10,2019-09-30,73,0.2877,0.5801
wlc_growth_1y_gt_10,2021-03-31,124,0.3145,0.5843
wlc_growth_1y_gt_10,2022-03-31,144,0.2639,0.5807
wlc_growth_1y_gt_10,2023-03-31,138,0.1884,0.5316
wlc_growth_1y_gt_10,2024-03-31,143,0.2657,0.5388
wlc_growth_1y_gt_25,2012-09-30,93,0.1075,0.7916
wlc_growth_1y_gt_25,2013-09-30,100,0.17,0.6502
wlc_growth_1y_gt_25,2014-09-30,84,0.1786,0.6309
wlc_growth_1y_gt_25,2015-09-30,91,0.1868,0.7118
wlc_growth_1y_gt_25,2016-09-30,91,0.1099,0.5105
wlc_growth_1y_gt_25,2017-09-30,88,0.125,0.428
wlc_growth_1y_gt_25,2018-09-30,87,0.1149,0.6714
wlc_growth_1y_gt_25,2019-09-30,73,0.1644,0.6141
wlc_growth_1y_gt_25,2021-03-31,124,0.1935,0.5692
wlc_growth_1y_gt_25,2022-03-31,144,0.1736,0.5874
wlc_growth_1y_gt_25,2023-03-31,138,0.1304,0.5764
wlc_growth_1y_gt_25,2024-03-31,143,0.1748,0.5217
slip_1y_gt_6m,2012-09-30,103,0.1359,0.6368
slip_1y_gt_6m,2013-09-30,111,0.2162,0.6061
slip_1y_gt_6m,2014-09-30,89,0.2135,0.735
slip_1y_gt_6m,2015-09-30,96,0.2083,0.5536
slip_1y_gt_6m,2016-09-30,101,0.1782,0.5027
slip_1y_gt_6m,2017-09-30,99,0.1414,0.6752
slip_1y_gt_6m,2018-09-30,96,0.2083,0.5842
slip_1y_gt_6m,2019-09-30,80,0.25,0.5342
slip_1y_gt_6m,2021-03-31,144,0.2083,0.6504
slip_1y_gt_6m,2022-03-31,173,0.2139,0.5117
slip_1y_gt_6m,2023-03-31,159,0.2201,0.472
slip_1y_gt_6m,2024-03-31,164,0.311,0.608
slip_1y_gt_6m,2025-03-31,136,0.3603,0.5437
slip_1y_gt_12m,2012-09-30,103,0.1068,0.6566
slip_1y_gt_12m,2013-09-30,111,0.1171,0.5962
slip_1y_gt_12m,2014-09-30,89,0.1685,0.7153
slip_1y_gt_12m,2015-09-30,96,0.1354,0.5653
slip_1y_gt_12m,2016-09-30,101,0.099,0.4055
slip_1y_gt_12m,2017-09-30,99,0.1111,0.6803
slip_1y_gt_12m,2018-09-30,96,0.1979,0.567
slip_1y_gt_12m,2019-09-30,80,0.1625,0.6355
slip_1y_gt_12m,2021-03-31,144,0.1389,0.6405
slip_1y_gt_12m,2022-03-31,173,0.1503,0.5638
slip_1y_gt_12m,2023-03-31,159,0.1258,0.4374
slip_1y_gt_12m,2024-03-31,164,0.1951,0.6228
slip_1y_gt_12m,2025-03-31,136,0.2574,0.5539
red_next,2012-09-30,97,0.0103,0.6302
red_next,2013-09-30,114,0.0439,0.6422
red_next,2014-09-30,94,0.0426,0.6556
red_next,2015-09-30,96,0.0208,0.6436
red_next,2016-09-30,102,0.0784,0.7207
red_next,2017-09-30,103,0.0388,0.6073
red_next,2018-09-30,101,0.0891,0.689
red_next,2019-09-30,83,0.0361,0.7125
red_next,2022-03-31,186,0.1237,0.6372
red_next,2023-03-31,178,0.1236,0.7614
red_next,2024-03-31,184,0.1685,0.7041
red_next,2025-03-31,151,0.1987,0.7421
worsened_next,2012-09-30,97,0.2062,0.2851
worsened_next,2013-09-30,114,0.193,0.3039
worsened_next,2014-09-30,94,0.2234,0.3353
worsened_next,2015-09-30,96,0.1667,0.2219
worsened_next,2016-09-30,102,0.2353,0.3387
worsened_next,2017-09-30,103,0.1748,0.2271
worsened_next,2018-09-30,101,0.2277,0.3197
worsened_next,2019-09-30,83,0.1325,0.2771
worsened_next,2022-03-31,186,0.129,0.2701
worsened_next,2023-03-31,178,0.0787,0.3358
worsened_next,2024-03-31,184,0.1141,0.4053
worsened_next,2025-03-31,151,0.1192,0.3409
worsened_next_excl_worst,2012-09-30,93,0.2151,0.3007
worsened_next_excl_worst,2013-09-30,112,0.1964,0.3106
worsened_next_excl_worst,2014-09-30,88,0.2386,0.3653
worsened_next_excl_worst,2015-09-30,94,0.1702,0.2276
worsened_next_excl_worst,2016-09-30,100,0.24,0.3476
worsened_next_excl_worst,2017-09-30,95,0.1895,0.2507
worsened_next_excl_worst,2018-09-30,98,0.2347,0.3325
worsened_next_excl_worst,2019-09-30,76,0.1447,0.307
worsened_next_excl_worst,2022-03-31,162,0.1481,0.317
worsened_next_excl_worst,2023-03-31,157,0.0892,0.3851
worsened_next_excl_worst,2024-03-31,160,0.1313,0.4753
worsened_next_excl_worst,2025-03-31,123,0.1463,0.4317
permanent_exit_next,2012-09-30,160,0.3187,0.4131
permanent_exit_next,2013-09-30,164,0.2927,0.3945
permanent_exit_next,2014-09-30,174,0.4598,0.364
permanent_exit_next,2015-09-30,133,0.2556,0.3925
permanent_exit_next,2016-09-30,133,0.2256,0.262
permanent_exit_next,2017-09-30,126,0.1667,0.2324
permanent_exit_next,2018-09-30,128,0.2109,0.3731
permanent_exit_next,2019-09-30,121,0.2975,0.431
permanent_exit_next,2021-03-31,173,0.1329,0.2262
permanent_exit_next,2022-03-31,218,0.1284,0.4029
permanent_exit_next,2023-03-31,232,0.2284,0.3759
permanent_exit_next,2024-03-31,215,0.1209,0.3612
permanent_exit_next,2025-03-31,194,0.2062,0.3003
