label,split,model,n,base_rate,mean_forecast,brier,bss,auc,log_loss,train_base_rate
duration_extension,test 2021-2022,base rate,6338,0.09482486588829284,0.08401253918495297,0.08595001710629986,0.0,0.5,0.31429267978438197,0.08401253918495298
duration_extension,test 2021-2022,reference class,6338,0.09482486588829284,0.08684864392884585,0.08176191767940064,0.04872715059171584,0.6873727681219234,0.29395354315342875,0.08401253918495298
duration_extension,test 2021-2022,"GBM lot, no buyer history",6338,0.09482486588829284,0.07973856217838038,0.077357171531522,0.09997491407303094,0.7137441896415161,0.2830820283229412,0.08401253918495298
duration_extension,test 2021-2022,"GBM lot, plus buyer history",6338,0.09482486588829284,0.09224275317485961,0.07593494877969208,0.11652200504185484,0.7263772510924649,0.27597038411865,0.08401253918495298
duration_extension,test 2021-2022,GBM plus the bidder's price,6338,0.09482486588829284,0.08858888850627324,0.07526442156967082,0.12432336718925241,0.7420644576742557,0.2721170093458941,0.08401253918495298
duration_extension,test 2021-2022,GBM plus the bidder's price and history,6338,0.09482486588829284,0.09257231857022052,0.07612684243560697,0.1142893858711389,0.7301223891271795,0.2759495887796253,0.08401253918495298
days_extended_gt90,test 2021-2022,base rate,6317,0.07725186006015514,0.11130719778141937,0.07244377620471072,0.0,0.5,0.27849112864635334,0.11130719778141938
days_extended_gt90,test 2021-2022,reference class,6317,0.07725186006015514,0.11741043958274032,0.0726979830926677,-0.003509023152501678,0.6069815211674808,0.2761101027851878,0.11130719778141938
days_extended_gt90,test 2021-2022,"GBM lot, no buyer history",6317,0.07725186006015514,0.10155134840360855,0.06856684662266133,0.05351639278292197,0.7255432489896476,0.25377293165483744,0.11130719778141938
days_extended_gt90,test 2021-2022,"GBM lot, plus buyer history",6317,0.07725186006015514,0.06572608308423326,0.06482768862797622,0.10513101298326932,0.745421774676645,0.24265079131545855,0.11130719778141938
days_extended_gt90,test 2021-2022,GBM plus the bidder's price,6317,0.07725186006015514,0.06560893174438606,0.06507273174751205,0.10174848473345277,0.7431725628499672,0.24431278118032215,0.11130719778141938
days_extended_gt90,test 2021-2022,GBM plus the bidder's price and history,6317,0.07725186006015514,0.0718596342825512,0.06487404942076072,0.10449105748656118,0.745980913690451,0.24004436633852638,0.11130719778141938
value_growth_gt10,test 2021-2022,base rate,6338,0.052698011991164403,0.07198468410976389,0.050292907244753854,0.0,0.5,0.20943450878960168,0.07198468410976389
value_growth_gt10,test 2021-2022,reference class,6338,0.052698011991164403,0.07596308983559902,0.05032960346431655,-0.0007296499958555636,0.6504396270749639,0.2047837300966539,0.07198468410976389
value_growth_gt10,test 2021-2022,"GBM lot, no buyer history",6338,0.052698011991164403,0.07201325671337279,0.05150982550612197,-0.02419661793353689,0.6814546290496954,0.20300771290383604,0.07198468410976389
value_growth_gt10,test 2021-2022,"GBM lot, plus buyer history",6338,0.052698011991164403,0.06590226262915705,0.05161546385558988,-0.026297080111112203,0.6835914280699095,0.20376326268169714,0.07198468410976389
value_growth_gt10,test 2021-2022,GBM plus the bidder's price,6338,0.052698011991164403,0.06299921761429858,0.05141450894640577,-0.022301389263371885,0.6647915860484228,0.205945529839679,0.07198468410976389
value_growth_gt10,test 2021-2022,GBM plus the bidder's price and history,6338,0.052698011991164403,0.05668848096932573,0.050056441481997414,0.0047017715958567186,0.6879557839683724,0.19890539311747543,0.07198468410976389
any_change,test 2021-2022,base rate,6338,0.5597980435468602,0.5556112852664575,0.2464417229328663,0.0,0.5,0.6860139414857277,0.5556112852664576
any_change,test 2021-2022,reference class,6338,0.5597980435468602,0.5915197850652474,0.22432960840920038,0.0897255312960521,0.6933058858946228,0.6395318798792403,0.5556112852664576
any_change,test 2021-2022,"GBM lot, no buyer history",6338,0.5597980435468602,0.5774784894770757,0.2117635270250073,0.14071560405908112,0.7313872624488328,0.6190412650413439,0.5556112852664576
any_change,test 2021-2022,"GBM lot, plus buyer history",6338,0.5597980435468602,0.5862449641184287,0.2143118968090256,0.1303749452059838,0.7263621182916924,0.6234346841919992,0.5556112852664576
any_change,test 2021-2022,GBM plus the bidder's price,6338,0.5597980435468602,0.5856922831513985,0.2133139142145746,0.1344245135281581,0.7259971289797271,0.6193193253799741,0.5556112852664576
any_change,test 2021-2022,GBM plus the bidder's price and history,6338,0.5597980435468602,0.5824876199217827,0.21616559312968534,0.12285310069605604,0.7219174920092293,0.6287942164006317,0.5556112852664576
underexecuted,test 2021-2022,base rate,5503,0.3290932218789751,0.25250763192324477,0.2266562257811581,0.0,0.5,0.6481903382867584,0.25250763192324466
underexecuted,test 2021-2022,reference class,5503,0.3290932218789751,0.27005273896684007,0.20186310834169596,0.10938643910624579,0.7063838986858328,0.589363678572402,0.25250763192324466
underexecuted,test 2021-2022,"GBM lot, no buyer history",5503,0.3290932218789751,0.27142718744445343,0.17936832306951989,0.20863271039065034,0.7691152329600078,0.5425686127111767,0.25250763192324466
underexecuted,test 2021-2022,"GBM lot, plus buyer history",5503,0.3290932218789751,0.2971140448142734,0.17823500680007331,0.21363286542958937,0.7674975008270751,0.538775385960009,0.25250763192324466
underexecuted,test 2021-2022,GBM plus the bidder's price,5503,0.3290932218789751,0.28943440403960485,0.17716259314434474,0.21836432008975837,0.7701788396778325,0.5349234469076384,0.25250763192324466
underexecuted,test 2021-2022,GBM plus the bidder's price and history,5503,0.3290932218789751,0.2926638296784221,0.17748047018317473,0.21696185678774915,0.768343645101292,0.535738666601528,0.25250763192324466
duration_extension,test 2021 only (pre-invasion),base rate,4810,0.10395010395010396,0.084012539184953,0.09354198632763111,0.0,0.5,0.33609320760543765,0.08401253918495298
duration_extension,test 2021 only (pre-invasion),reference class,4810,0.10395010395010396,0.08795754976006086,0.08867012740732126,0.05208205546593958,0.6894199535962877,0.3135195471919463,0.08401253918495298
duration_extension,test 2021 only (pre-invasion),"GBM lot, no buyer history",4810,0.10395010395010396,0.0820690749907667,0.08248877946950342,0.1181630548170508,0.7343552204176335,0.2964737030610122,0.08401253918495298
duration_extension,test 2021 only (pre-invasion),"GBM lot, plus buyer history",4810,0.10395010395010396,0.0930765998535536,0.08073919158548615,0.13686682574072284,0.741030626450116,0.2889118161857707,0.08401253918495298
duration_extension,test 2021 only (pre-invasion),GBM plus the bidder's price,4810,0.10395010395010396,0.08974621595474097,0.07983411458093934,0.14654244884943868,0.7591120649651972,0.28414107112338033,0.08401253918495298
duration_extension,test 2021 only (pre-invasion),GBM plus the bidder's price and history,4810,0.10395010395010396,0.09398971275814677,0.0809180942711222,0.13495428686209077,0.7432844547563805,0.28929676542935034,0.08401253918495298
days_extended_gt90,test 2021 only (pre-invasion),base rate,4789,0.08122781373982042,0.11130719778141938,0.07553462535919148,0.0,0.5,0.28675100421394206,0.11130719778141938
days_extended_gt90,test 2021 only (pre-invasion),reference class,4789,0.08122781373982042,0.11589891647878274,0.07535774636689647,0.0023416941760667775,0.6096398107034354,0.28297041369276493,0.11130719778141938
days_extended_gt90,test 2021 only (pre-invasion),"GBM lot, no buyer history",4789,0.08122781373982042,0.10075205046817153,0.06979961274470402,0.07592561142940246,0.7407764664641271,0.25603269698362596,0.11130719778141938
days_extended_gt90,test 2021 only (pre-invasion),"GBM lot, plus buyer history",4789,0.08122781373982042,0.06708674045679562,0.06591490383170591,0.12735512331914922,0.7727725519981304,0.24197234840978915,0.11130719778141938
days_extended_gt90,test 2021 only (pre-invasion),GBM plus the bidder's price,4789,0.08122781373982042,0.0665656493521543,0.06597607017000916,0.12654534451886545,0.7671327997195606,0.24414867842533916,0.11130719778141938
days_extended_gt90,test 2021 only (pre-invasion),GBM plus the bidder's price and history,4789,0.08122781373982042,0.07287404891301792,0.06637507743384215,0.12126290269916251,0.7699193736854405,0.2415026018012876,0.11130719778141938
value_growth_gt10,test 2021 only (pre-invasion),base rate,4810,0.05862785862785863,0.07198468410976389,0.05536903760752451,0.0,0.5,0.22459472422839352,0.07198468410976389
value_growth_gt10,test 2021 only (pre-invasion),reference class,4810,0.05862785862785863,0.07480200692110063,0.054976929372668966,0.00708172386225947,0.6597647733253139,0.21762086548159718,0.07198468410976389
value_growth_gt10,test 2021 only (pre-invasion),"GBM lot, no buyer history",4810,0.05862785862785863,0.07133970995625877,0.05620751105832578,-0.015143363277228428,0.690824076510538,0.2162759304864889,0.07198468410976389
value_growth_gt10,test 2021 only (pre-invasion),"GBM lot, plus buyer history",4810,0.05862785862785863,0.06450146730687614,0.05615760829791567,-0.01424208771661939,0.6929816523820265,0.21757777239844067,0.07198468410976389
value_growth_gt10,test 2021 only (pre-invasion),GBM plus the bidder's price,4810,0.05862785862785863,0.061314503977066975,0.05600018150356429,-0.01139885978357702,0.6715288480815979,0.2208538335708086,0.07198468410976389
value_growth_gt10,test 2021 only (pre-invasion),GBM plus the bidder's price and history,4810,0.05862785862785863,0.05618127182889652,0.05489044530090461,0.008643681149243299,0.6951791688594843,0.21389691177545192,0.07198468410976389
any_change,test 2021 only (pre-invasion),base rate,4810,0.5615384615384615,0.5556112852664575,0.2462481491700387,0.0,0.5,0.6856251856077676,0.5556112852664576
any_change,test 2021 only (pre-invasion),reference class,4810,0.5615384615384615,0.587502241040812,0.2230444402187925,0.09422896793114022,0.6970360625439641,0.6366795939666198,0.5556112852664576
any_change,test 2021 only (pre-invasion),"GBM lot, no buyer history",4810,0.5615384615384615,0.564923871333478,0.20894889723706497,0.151470181841724,0.7375983711843724,0.6125424713569044,0.5556112852664576
any_change,test 2021 only (pre-invasion),"GBM lot, plus buyer history",4810,0.5615384615384615,0.5722514121366692,0.21141677492848784,0.1414482681756084,0.7320102015146736,0.6164866395030837,0.5556112852664576
any_change,test 2021 only (pre-invasion),GBM plus the bidder's price,4810,0.5615384615384615,0.5714865393614655,0.2109598168614946,0.14330394940015123,0.729797140619643,0.6136998501206348,0.5556112852664576
any_change,test 2021 only (pre-invasion),GBM plus the bidder's price and history,4810,0.5615384615384615,0.5695539299225298,0.2135809514767326,0.13265966791388484,0.7273303233668791,0.6217086284992808,0.5556112852664576
underexecuted,test 2021 only (pre-invasion),base rate,4190,0.3133651551312649,0.2525076319232447,0.21887107281183796,0.0,0.5,0.6311209407743439,0.25250763192324466
underexecuted,test 2021 only (pre-invasion),reference class,4190,0.3133651551312649,0.2653189643404839,0.19526724703878606,0.10784351476791065,0.7083522942813252,0.5747106305481934,0.25250763192324466
underexecuted,test 2021 only (pre-invasion),"GBM lot, no buyer history",4190,0.3133651551312649,0.2595317920778273,0.16899796431092787,0.22786523527385316,0.7828128966742828,0.5175009178322088,0.25250763192324466
underexecuted,test 2021 only (pre-invasion),"GBM lot, plus buyer history",4190,0.3133651551312649,0.28318317326747505,0.16868912930151247,0.22927627148548124,0.781110051327584,0.5153698772799361,0.25250763192324466
underexecuted,test 2021 only (pre-invasion),GBM plus the bidder's price,4190,0.3133651551312649,0.27688375593044545,0.16824463180254529,0.2313071360179968,0.7812326191310075,0.513983562914441,0.25250763192324466
underexecuted,test 2021 only (pre-invasion),GBM plus the bidder's price and history,4190,0.3133651551312649,0.28047303015895214,0.16827538870320735,0.231166610820825,0.7797802038967031,0.5139646894008667,0.25250763192324466
duration_extension,test 2022 post-invasion,base rate,1027,0.06815968841285297,0.08401253918495297,0.06376525816591823,0.0,0.5,0.25058859453541704,0.08401253918495298
duration_extension,test 2022 post-invasion,reference class,1027,0.06815968841285297,0.08611523175960734,0.061442190119480745,0.03643156341330611,0.6976712942230183,0.23513871287640598,0.08401253918495298
duration_extension,test 2022 post-invasion,"GBM lot, no buyer history",1027,0.06815968841285297,0.07040741102406904,0.06235023595979279,0.02219111545731578,0.6499552171965965,0.240882423212381,0.08401253918495298
duration_extension,test 2022 post-invasion,"GBM lot, plus buyer history",1027,0.06815968841285297,0.0878163264290966,0.06086542957624211,0.04547662274228892,0.7079564114046872,0.2314811134936741,0.08401253918495298
duration_extension,test 2022 post-invasion,GBM plus the bidder's price,1027,0.06815968841285297,0.08530339381204988,0.06104434755710636,0.04267073775082997,0.706418868487834,0.23143544650008116,0.08401253918495298
duration_extension,test 2022 post-invasion,GBM plus the bidder's price and history,1027,0.06815968841285297,0.08968300303952878,0.06114001460605386,0.04117043724708902,0.7219883564711151,0.2303342413268369,0.08401253918495298
days_extended_gt90,test 2022 post-invasion,base rate,1027,0.05744888023369036,0.11130719778141934,0.05704922476265749,0.0,0.5,0.23735127581792706,0.11130719778141938
days_extended_gt90,test 2022 post-invasion,reference class,1027,0.05744888023369036,0.12217882335861403,0.05990167042977892,-0.04999972706006939,0.605468202829528,0.24216213501527722,0.11130719778141938
days_extended_gt90,test 2022 post-invasion,"GBM lot, no buyer history",1027,0.05744888023369036,0.0863621094133238,0.05807529583646515,-0.017985714583790502,0.6391914133632162,0.2290629887746433,0.11130719778141938
days_extended_gt90,test 2022 post-invasion,"GBM lot, plus buyer history",1027,0.05744888023369036,0.05887819265461835,0.054212011799702385,0.04973271722374473,0.6316798571228464,0.22222975115845142,0.11130719778141938
days_extended_gt90,test 2022 post-invasion,GBM plus the bidder's price,1027,0.05744888023369036,0.058946341009394096,0.05565518654120972,0.02443570841229481,0.6312771396554139,0.2259792307731696,0.11130719778141938
days_extended_gt90,test 2022 post-invasion,GBM plus the bidder's price and history,1027,0.05744888023369036,0.0678053752870977,0.053661357050734625,0.059384991224989414,0.6341486902927581,0.21721508441856133,0.11130719778141938
value_growth_gt10,test 2022 post-invasion,base rate,1027,0.03213242453748783,0.07198468410976389,0.03268813442384655,0.0,0.5,0.15685663358896013,0.07198468410976389
value_growth_gt10,test 2022 post-invasion,reference class,1027,0.03213242453748783,0.0792400418281238,0.03409707994891383,-0.04310265941758473,0.6482379123224193,0.15909760571439222,0.07198468410976389
value_growth_gt10,test 2022 post-invasion,"GBM lot, no buyer history",1027,0.03213242453748783,0.06565391926009238,0.0343947297542668,-0.052208404073842196,0.657703798548869,0.1518606758602194,0.07198468410976389
value_growth_gt10,test 2022 post-invasion,"GBM lot, plus buyer history",1027,0.03213242453748783,0.05866308620762575,0.034826524008424994,-0.06541791455123414,0.6457837936711176,0.1514387880248815,0.07198468410976389
value_growth_gt10,test 2022 post-invasion,GBM plus the bidder's price,1027,0.03213242453748783,0.05685582025983791,0.0336462004115499,-0.029309289275451178,0.6621547466617889,0.14712694520127775,0.07198468410976389
value_growth_gt10,test 2022 post-invasion,GBM plus the bidder's price and history,1027,0.03213242453748783,0.05012532120693389,0.03236340724752557,0.009934099392471918,0.6695323455886836,0.14271645376088196,0.07198468410976389
any_change,test 2022 post-invasion,base rate,1027,0.5170399221032133,0.5556112852664575,0.25119739111098727,0.0,0.5,0.6955647914091168,0.5556112852664576
any_change,test 2022 post-invasion,reference class,1027,0.5170399221032133,0.5960233285335697,0.22995631101260036,0.0845593180902181,0.7053641941558836,0.6518440479892662,0.5556112852664576
any_change,test 2022 post-invasion,"GBM lot, no buyer history",1027,0.5170399221032133,0.5713765088344851,0.22131116788708002,0.11897505420628562,0.7177324433509508,0.6397310429149494,0.5556112852664576
any_change,test 2022 post-invasion,"GBM lot, plus buyer history",1027,0.5170399221032133,0.5910992393605772,0.22418146337560266,0.10754859999102495,0.7165497235890894,0.6451085087637239,0.5556112852664576
any_change,test 2022 post-invasion,GBM plus the bidder's price,1027,0.5170399221032133,0.5916261949174018,0.22085092955316316,0.12080723220734424,0.7242022811493833,0.6362632814140541,0.5556112852664576
any_change,test 2022 post-invasion,GBM plus the bidder's price and history,1027,0.5170399221032133,0.584015047258822,0.2246541403159168,0.10566690473048257,0.7106627027519592,0.6518348591879181,0.5556112852664576
underexecuted,test 2022 post-invasion,base rate,937,0.2892209178228389,0.25250763192324477,0.2069200438780989,0.0,0.5,0.6049176196120913,0.25250763192324466
underexecuted,test 2022 post-invasion,reference class,937,0.2892209178228389,0.2769262114053027,0.1904996570792307,0.07935619232973778,0.6785540152698825,0.563160448908862,0.25250763192324466
underexecuted,test 2022 post-invasion,"GBM lot, no buyer history",937,0.2892209178228389,0.28864296430787406,0.1883698138759525,0.08964926574766596,0.7124818545482752,0.5596416969440079,0.25250763192324466
underexecuted,test 2022 post-invasion,"GBM lot, plus buyer history",937,0.2892209178228389,0.3083296959276985,0.19142757677283556,0.07487175633110865,0.7055782719989362,0.5674013373267793,0.25250763192324466
underexecuted,test 2022 post-invasion,GBM plus the bidder's price,937,0.2892209178228389,0.2997188947959855,0.1854281714241999,0.10386559006608531,0.7191998271334065,0.54991019671313,0.25250763192324466
underexecuted,test 2022 post-invasion,GBM plus the bidder's price and history,937,0.2892209178228389,0.30543867727487023,0.18667967057288748,0.09781736426237886,0.7126702348104562,0.5541801608731386,0.25250763192324466
