projectid,old_url,txturl
P001074,http://documents.worldbank.org/curated/en/887311468274244998/text/190840PAD0Fren00Box173251B00PUBLIC0.txt,http://documents.worldbank.org/curated/en/997701468749964833/text/multi-page.txt
P005524,http://documents.worldbank.org/curated/en/186551468274477393/text/184620FRENCH0Box0341991B01PUBLIC1.txt,http://documents.worldbank.org/curated/en/710131468758124444/text/multi-page.txt
P005525,http://documents.worldbank.org/curated/en/775991468062961231/text/NonAsciiFileName0.txt,http://documents.worldbank.org/curated/en/433661468756949072/text/multi-page.txt
P005741,http://documents.worldbank.org/curated/en/235581468311466988/text/173720FRENCH0TN1L4297.txt,http://documents.worldbank.org/curated/en/454481468311360839/text/multi-page.txt
P044584,http://documents.worldbank.org/curated/en/322231468234331703/text/NonAsciiFileName0.txt,http://documents.worldbank.org/curated/en/265211468749726440/text/multi-page.txt
P046031,http://documents.worldbank.org/curated/en/672271468018047938/text/181480PAD0SPANISH0Box144000B00PUBLIC0.txt,http://documents.worldbank.org/curated/en/904751468770418312/text/multi-page.txt
P046045,http://documents.worldbank.org/curated/en/190821468270578441/text/221900PAD0P04600Box345628B00PUBLIC0.txt,http://documents.worldbank.org/curated/en/617961468752125207/text/multi0page.txt
P048697,http://documents.worldbank.org/curated/en/717181468054270287/text/165890SAR0FRENCH0Box145918B00PUBLIC0.txt,http://documents.worldbank.org/curated/en/952781468757231339/text/multi-page.txt
P050418,http://documents.worldbank.org/curated/en/729191468313185523/text/172080SAR0FRENCH0Box128970B00PUBLIC0.txt,http://documents.worldbank.org/curated/en/513331468778166163/text/multi-page.txt
P050886,http://documents.worldbank.org/curated/en/813881468227115519/text/NonAsciiFileName0.txt,http://documents.worldbank.org/curated/en/251461468742508091/text/multi-page.txt
P052247,http://documents.worldbank.org/curated/en/834541468061132745/text/NonAsciiFileName0.txt,http://documents.worldbank.org/curated/en/535051468758127882/text/multi-page.txt
P057996,http://documents.worldbank.org/curated/en/992511468307175546/text/199630FRENCH0BOX0334127B.txt,http://documents.worldbank.org/curated/en/265491468759900781/text/multi-page.txt
P064836,http://documents.worldbank.org/curated/en/712441468175458547/text/333970FRENCH0TN0AEP0des0Centres0Urbains.txt,http://documents.worldbank.org/curated/en/572471468113358621/text/33397.txt
P064983,http://documents.worldbank.org/curated/en/971341468002103695/text/214460FRENCH0D1Box0342042B01PUBLIC1.txt,http://documents.worldbank.org/curated/en/533931468742871997/text/multi0page.txt
P072458,http://documents.worldbank.org/curated/en/987941468009591128/text/225010FRENCH0Box0342042B01PUBLIC10.txt,http://documents.worldbank.org/curated/en/799951468768713812/text/multi0page.txt
P075808,http://documents.worldbank.org/curated/en/718581468123561480/text/239180FRENCH0Box0341991B0MA1Ln4679.txt,http://documents.worldbank.org/curated/en/780891468757835334/text/multi0page.txt
P078342,http://documents.worldbank.org/curated/en/532641468039036024/text/383250RUSSIAN000PAD0supplemented0ru.txt,http://documents.worldbank.org/curated/en/649311468292846147/text/383250KZ0R20071000811ok.txt
P087970,http://documents.worldbank.org/curated/en/786571468028441959/text/323930PAD0ARAB10Box338945B01PUBLIC1.txt,http://documents.worldbank.org/curated/en/466861468234309352/text/32393.txt
P089566,http://documents.worldbank.org/curated/en/355571468175445374/text/305120RUSSIAN0LRCS0PAD031MArch0.txt,http://documents.worldbank.org/curated/en/677371468310170024/text/30512.txt
P091297,http://documents.worldbank.org/curated/en/708671468034167515/text/376950WP0FRENC0nt0project00PUBLIC00.txt,http://documents.worldbank.org/curated/en/417301468252294279/text/37695.txt
P096998,http://documents.worldbank.org/curated/en/193791468277180906/text/405040RUSSIAN00t0KZ0CDP017Sep070Rus.txt,http://documents.worldbank.org/curated/en/132161468040173223/text/40504010KZ.txt
P106870,http://documents.worldbank.org/curated/en/379051468110660977/text/562620PAD0Span00by0GSD00PAD0P106870.txt,http://documents.worldbank.org/curated/en/824651468060882596/text/562620PAD01public10IDA1R20101035211.txt
P120561,http://documents.worldbank.org/curated/en/752421468350135966/text/664410FRENCH0B00FR00PAD060November.txt,http://documents.worldbank.org/curated/en/178351468334877285/text/NonAsciiFileName0.txt
P120830,http://documents.worldbank.org/curated/en/579731468227668595/text/665730PAD0PORT0Official0Use0Only090.txt,http://documents.worldbank.org/curated/en/419861468015619447/text/665730PAD0REVI0C0disclosed050701200.txt
P121271,http://documents.worldbank.org/curated/en/389601468188679522/text/66413-FRENCH-PAD-P121271-PUBLIC-Box391493B.txt,http://documents.worldbank.org/curated/en/808171468062107931/text/664130PAD0P1210Official0Use0Only090.txt
P122007,http://documents.worldbank.org/curated/en/865151468199756486/text/593050PAD0Span0IC000Version0P122007.txt,http://documents.worldbank.org/curated/en/182921468016755391/text/593050PAD0P12219100IDA1R20111012511.txt
P126357,http://documents.worldbank.org/curated/en/454071468060883175/text/646180SPANISH00l0de0Junta0Directiva.txt,http://documents.worldbank.org/curated/en/523501468100148982/text/646180IDA0R2010sclosed0Dec027020110.txt
P129397,http://documents.worldbank.org/curated/en/238221468199159059/text/PAD4360SPANISH0PUBLIC00HCFC0espa0ol.txt,http://documents.worldbank.org/curated/en/274571468205143686/text/PAD4360P1293970Box0379824B00PUBLIC0.txt
P131120,http://documents.worldbank.org/curated/en/494321468246350092/text/716550PAD0P1310IC00FRENCH0Fran0ais.txt,http://documents.worldbank.org/curated/en/920901468235752030/text/716550PAD0P13104B00PUBLIC00ENGLISH.txt
P133226,http://documents.worldbank.org/curated/en/265711468179057153/text/77891-ARABIC-Box394845B-PUBLIC-LFMR2-PAD-Arabic-FINAL.txt,http://documents.worldbank.org/curated/en/902631468055497127/text/PAD5490PAD0P13010Box385166B00OUO090.txt
P144134,http://documents.worldbank.org/curated/en/389721468060297301/text/PAD4840FRENCH00Box385273B00PUBLIC0.txt,http://documents.worldbank.org/curated/en/126891468279864475/text/PAD4840PAD0P14064B00PUBLIC000Final.txt
P145848,http://documents.worldbank.org/curated/en/786961467998828687/text/PAD791-FRENCH-P145848-PUBLIC-Box393238B.txt,http://documents.worldbank.org/curated/en/437681468235436654/text/PAD7910PAD0P14010Box385199B00OUO090.txt
P146502,http://documents.worldbank.org/curated/en/131701470819346381/text/PAD1051-PAD-FRENCH-Box396289B-PUBLIC-9-8-2016-10-50-18-PPADFrenchJun.txt,http://documents.worldbank.org/curated/en/294541468187792993/text/PAD1051-PAD-P146502-R2015-0123-1-Box391489B-OUO-9.txt
P149242,http://documents.worldbank.org/curated/en/424991467998238335/text/PAD1030-ARABICBox394864B-PUBLIC-FINAL-LEB-ENPTP-Arabic-Final.txt,http://documents.worldbank.org/curated/en/810511467987899324/text/PAD1030-ENGLISH-P149242-PUBLIC-FINAL-LEB-ENPTP-English.txt
P150991,http://documents.worldbank.org/curated/en/584781475575585532/text/PAD1696-ARABIC-Box396309B-PUBLIC-FINAL-ICUD-PAD-BOARD-SUBMISSION-October-3-2016-Arabic-Version.txt,http://documents.worldbank.org/curated/en/362471473187991734/text/IDAR2016-0221-PAD-09012016.txt
P151030,http://documents.worldbank.org/curated/en/218421491893234158/text/PAD1520-PAD-ARABIC-P151030-PUBLIC.txt,http://documents.worldbank.org/curated/en/385911488207546505/text/Tunisia-Integrated-Landscape-Mgt-PAD-02232017.txt
P152096,http://documents.worldbank.org/curated/en/603281468184442391/text/PAD1332-PAD-SPANISH-P152096-Box394851B-PUBLIC.txt,http://documents.worldbank.org/curated/en/224431468187807478/text/PAD1332-PAD-P152096-R2015-0191-1-Box393212B-OUO-9.txt
P153487,http://documents.worldbank.org/curated/en/908021468196750212/text/PAD1330-PAD-P153487-PUBLIC-ARABIC-Egypt0EASE0PAD10Revised029Sept2015-ARB-FINAL.txt,http://documents.worldbank.org/curated/en/867121468197065464/text/PAD1330-PAD-P153487-PUBLIC-ENGLISH-Egypt-EASE-PAD.txt
P163255,http://documents.worldbank.org/curated/en/783421549256072878/text/PAD2517-Spanish-PAD-PUBLIC-Peru-Integrated-Health-Networks-P163255.txt,http://documents.worldbank.org/curated/en/471951549249341333/text/final-pad-01112019-636848281330287239.txt
