projectid,id,docdt,reject_reason
P515018,40124314,2026-08-26T04:00:00Z,docdt_after_approval_plus_grace
P512820,40116766,2026-07-07T04:00:00Z,no_board_approval_date
P115893,40108698,2026-06-10T04:00:00Z,docdt_after_approval_plus_grace
P512869,40107691,2026-06-04T04:00:00Z,no_board_approval_date
P512854,40107026,2026-06-02T04:00:00Z,no_board_approval_date
P513141,40106893,2026-06-01T04:00:00Z,no_board_approval_date
P512778,40106676,2026-05-29T04:00:00Z,no_board_approval_date
P514393,40105345,2026-05-21T04:00:00Z,no_board_approval_date
P514747,40103385,2026-05-10T04:00:00Z,no_board_approval_date
P176263,40119409,2026-05-09T04:00:00Z,docdt_after_approval_plus_grace
P512871,40097641,2026-04-15T04:00:00Z,no_board_approval_date
P514153,40091478,2026-03-10T04:00:00Z,no_board_approval_date
P505188,34340405,2024-08-08T04:00:00Z,docdt_after_approval_plus_grace
P180770,34326548,2024-07-24T04:00:00Z,docdt_after_approval_plus_grace
P176013,34389000,2024-06-28T04:00:00Z,docdt_after_approval_plus_grace
P180263,34338754,2024-05-07T04:00:00Z,docdt_after_approval_plus_grace
P173620,40051356,2024-04-10T04:00:00Z,docdt_after_approval_plus_grace
P176932,34295176,2024-04-03T04:00:00Z,docdt_after_approval_plus_grace
P179014,34123081,2023-07-25T04:00:00Z,docdt_after_approval_plus_grace
P174595,34051258,2023-04-27T04:00:00Z,docdt_after_approval_plus_grace
P162957,34022234,2023-03-15T04:00:00Z,docdt_after_approval_plus_grace
P178587,33875167,2022-07-28T04:00:00Z,docdt_after_approval_plus_grace
P178936,33811072,2022-05-02T04:00:00Z,no_board_approval_date
P173903,32292868,2020-07-28T04:00:00Z,docdt_after_approval_plus_grace
P145482,31739677,2020-01-23T05:00:00Z,docdt_after_approval_plus_grace
P162454,31173186,2019-06-19T04:00:00Z,docdt_after_approval_plus_grace
P117876,29905863,2018-04-19T04:00:00Z,docdt_after_approval_plus_grace
P117876,29852098,2018-04-19T04:00:00Z,docdt_after_approval_plus_grace
P132317,29280051,2017-12-12T05:00:00Z,docdt_after_approval_plus_grace
P148839,27226132,2017-02-27T05:00:00Z,docdt_after_approval_plus_grace
P125565,26566584,2016-07-07T04:00:00Z,docdt_after_approval_plus_grace
P150930,26738478,2016-06-27T04:00:00Z,docdt_after_approval_plus_grace
P149677,25777948,2016-01-14T05:00:00Z,docdt_after_approval_plus_grace
P145241,26586623,2015-11-25T05:00:00Z,docdt_after_approval_plus_grace
P145040,24549111,2015-05-12T04:00:00Z,docdt_after_approval_plus_grace
P151036,24116612,2015-02-25T05:00:00Z,no_board_approval_date
P151783,20474566,2014-11-24T05:00:00Z,no_board_approval_date
P127143,19411786,2014-04-21T04:00:00Z,docdt_after_approval_plus_grace
P127702,18556238,2013-11-26T05:00:00Z,docdt_after_approval_plus_grace
P143367,19665623,2013-10-31T04:00:00Z,docdt_after_approval_plus_grace
P143193,26586772,2013-10-01T04:00:00Z,no_board_approval_date
P110112,17872334,2013-06-01T04:00:00Z,docdt_after_approval_plus_grace
P121917,19458048,2013-05-01T04:00:00Z,no_board_approval_date
P131138,27534384,2013-03-26T04:00:00Z,docdt_after_approval_plus_grace
P130461,17564922,2012-12-17T05:00:00Z,docdt_after_approval_plus_grace
P143193,26271605,2012-10-01T04:00:00Z,no_board_approval_date
P006553,17207149,2012-03-01T05:00:00Z,docdt_after_approval_plus_grace
P006553,15949044,2012-03-01T05:00:00Z,docdt_after_approval_plus_grace
P113220,15927235,2012-03-01T05:00:00Z,docdt_after_approval_plus_grace
P124988,15622157,2011-12-21T05:00:00Z,no_board_approval_date
P124988,16222416,2011-12-21T05:00:00Z,no_board_approval_date
P125784,16569538,2011-10-13T04:00:00Z,docdt_after_approval_plus_grace
P110087,13800798,2011-02-11T05:00:00Z,no_board_approval_date
P119404,14250647,2011-02-03T05:00:00Z,no_board_approval_date
P093719,14473209,2010-12-14T05:00:00Z,docdt_after_approval_plus_grace
P078058,12336765,2010-05-18T04:00:00Z,docdt_after_approval_plus_grace
P113751,16290780,2009-10-30T04:00:00Z,no_board_approval_date
P009127,11385833,2009-10-29T04:00:00Z,docdt_after_approval_plus_grace
P114884,11185490,2009-10-02T04:00:00Z,no_board_approval_date
P084967,11040832,2009-08-14T04:00:00Z,docdt_after_approval_plus_grace
P100533,10688055,2009-05-29T04:00:00Z,no_board_approval_date
P112321,11077291,2009-04-02T04:00:00Z,docdt_after_approval_plus_grace
P112321,11077285,2009-04-02T04:00:00Z,docdt_after_approval_plus_grace
P106675,10251431,2009-02-03T05:00:00Z,no_board_approval_date
P106165,17414742,2008-10-08T04:00:00Z,docdt_after_approval_plus_grace
P074086,9965585,2008-09-30T04:00:00Z,docdt_after_approval_plus_grace
P079161,9447465,2008-05-08T04:00:00Z,docdt_after_approval_plus_grace
P077317,9398716,2008-04-24T04:00:00Z,docdt_after_approval_plus_grace
P084742,9333929,2008-03-18T04:00:00Z,docdt_after_approval_plus_grace
P102476,10787808,2008-01-16T05:00:00Z,no_board_approval_date
P102472,10793621,2007-12-01T05:00:00Z,docdt_after_approval_plus_grace
P103712,9697481,2007-11-09T05:00:00Z,docdt_after_approval_plus_grace
P083581,8177431,2007-08-10T04:00:00Z,docdt_after_approval_plus_grace
P069889,7583141,2007-04-26T04:00:00Z,docdt_after_approval_plus_grace
P099672,7411733,2007-02-12T05:00:00Z,docdt_after_approval_plus_grace
P099670,7411733,2007-02-12T05:00:00Z,docdt_after_approval_plus_grace
P101785,7467649,2007-01-31T05:00:00Z,docdt_after_approval_plus_grace
P094495,7557011,2007-01-24T05:00:00Z,docdt_after_approval_plus_grace
P106450,10810204,2007-01-08T05:00:00Z,no_board_approval_date
P075776,7219893,2006-11-07T05:00:00Z,docdt_after_approval_plus_grace
P075776,7219777,2006-11-07T05:00:00Z,docdt_after_approval_plus_grace
P075776,7219846,2006-11-07T05:00:00Z,docdt_after_approval_plus_grace
P075776,7219820,2006-11-07T05:00:00Z,docdt_after_approval_plus_grace
P091984,7086886,2006-09-06T04:00:00Z,no_board_approval_date
P092987,7138458,2006-08-02T04:00:00Z,docdt_after_approval_plus_grace
P082916,6783463,2006-05-16T04:00:00Z,docdt_after_approval_plus_grace
P086775,6448765,2005-11-22T05:00:00Z,docdt_after_approval_plus_grace
P075947,6441052,2005-11-01T05:00:00Z,docdt_after_approval_plus_grace
P075945,6440927,2005-11-01T05:00:00Z,docdt_after_approval_plus_grace
P088828,6619227,2005-09-19T04:00:00Z,docdt_after_approval_plus_grace
P049395,6058379,2005-06-27T04:00:00Z,docdt_after_approval_plus_grace
P088967,6045606,2005-06-21T04:00:00Z,no_board_approval_date
P088934,6242888,2005-05-31T04:00:00Z,docdt_after_approval_plus_grace
P064082,6336275,2005-02-21T05:00:00Z,docdt_after_approval_plus_grace
P088679,5700516,2004-12-28T05:00:00Z,no_board_approval_date
P077661,9419679,2004-11-15T05:00:00Z,no_board_approval_date
P079320,5184234,2004-10-07T04:00:00Z,docdt_after_approval_plus_grace
P083993,3027821,2004-03-25T05:00:00Z,no_board_approval_date
P088436,3027821,2004-03-25T05:00:00Z,no_board_approval_date
P080823,2102958,2002-12-09T05:00:00Z,no_board_approval_date
P092289,1811280,2002-06-04T04:00:00Z,no_board_approval_date
P068049,1798548,2002-05-30T04:00:00Z,docdt_after_approval_plus_grace
P056223,1561416,2001-08-20T04:00:00Z,docdt_after_approval_plus_grace
P069762,729030,2000-05-15T04:00:00Z,docdt_after_approval_plus_grace
P008250,441498,1997-10-20T04:00:00Z,docdt_after_approval_plus_grace
P001074,18082379,1999-03-24T05:00:00Z,same_date_duplicate_or_translation
P005524,11054238,1998-10-07T04:00:00Z,same_date_duplicate_or_translation
P005525,16952633,1998-11-19T05:00:00Z,same_date_duplicate_or_translation
P005741,5055426,1998-02-20T05:00:00Z,same_date_duplicate_or_translation
P005750,4998814,2001-05-25T04:00:00Z,same_date_duplicate_or_translation
P010530,40118850,1997-10-20T04:00:00Z,same_date_duplicate_or_translation
P035707,4963641,2000-05-10T04:00:00Z,same_date_duplicate_or_translation
P043700,6336289,1998-06-03T04:00:00Z,same_date_duplicate_or_translation
P044584,16952296,1999-05-05T04:00:00Z,same_date_duplicate_or_translation
P046031,16773321,1998-06-19T04:00:00Z,same_date_duplicate_or_translation
P046045,12041956,2001-05-07T04:00:00Z,later_version_within_grace_window
P048202,5723598,2000-03-30T05:00:00Z,same_date_duplicate_or_translation
P048204,6102525,2000-03-30T05:00:00Z,same_date_duplicate_or_translation
P048315,4998816,2002-06-06T04:00:00Z,later_version_within_grace_window
P048697,16755153,1997-06-04T04:00:00Z,same_date_duplicate_or_translation
P048825,4998839,2001-05-16T04:00:00Z,same_date_duplicate_or_translation
P050418,16769188,1997-12-30T05:00:00Z,same_date_duplicate_or_translation
P050886,16953090,1998-12-08T05:00:00Z,same_date_duplicate_or_translation
P050945,4963155,2000-05-30T04:00:00Z,same_date_duplicate_or_translation
P052247,16953515,1999-04-13T04:00:00Z,same_date_duplicate_or_translation
P054886,1551984,2001-04-09T04:00:00Z,same_date_duplicate_or_translation
P054937,7449815,2002-07-31T04:00:00Z,same_date_duplicate_or_translation
P055814,4996080,1999-04-30T04:00:00Z,same_date_duplicate_or_translation
P057996,10262347,1999-12-20T05:00:00Z,same_date_duplicate_or_translation
P058770,9885431,2000-01-21T05:00:00Z,same_date_duplicate_or_translation
P062840,5724064,1999-12-29T05:00:00Z,same_date_duplicate_or_translation
P064836,6694794,2005-10-01T04:00:00Z,later_version_within_grace_window
P064883,2297349,2003-04-30T04:00:00Z,later_version_within_grace_window
P064918,16368776,2007-02-13T05:00:00Z,later_version_within_grace_window
P064983,11049104,2002-06-05T04:00:00Z,same_date_duplicate_or_translation
P065757,11053689,2000-06-16T04:00:00Z,later_version_within_grace_window
P069124,2509655,2003-05-15T04:00:00Z,same_date_duplicate_or_translation
P069460,6337330,2005-02-09T05:00:00Z,same_date_duplicate_or_translation
P072226,7033801,2001-06-13T04:00:00Z,same_date_duplicate_or_translation
P072317,4963653,2002-09-30T04:00:00Z,later_version_within_grace_window
P072458,11049143,2001-07-13T04:00:00Z,same_date_duplicate_or_translation
P072960,10805645,2003-03-12T05:00:00Z,same_date_duplicate_or_translation
P072960,10812224,2003-03-12T05:00:00Z,same_date_duplicate_or_translation
P073242,2355576,2003-05-19T04:00:00Z,later_version_within_grace_window
P073603,2361803,2003-04-30T04:00:00Z,same_date_duplicate_or_translation
P074398,10805809,2002-11-07T05:00:00Z,same_date_duplicate_or_translation
P074398,6316944,2002-11-07T05:00:00Z,same_date_duplicate_or_translation
P074797,10806573,2002-05-14T04:00:00Z,same_date_duplicate_or_translation
P075808,11054274,2002-09-12T04:00:00Z,same_date_duplicate_or_translation
P076784,6672334,2003-03-27T05:00:00Z,same_date_duplicate_or_translation
P077513,7464738,2004-03-19T05:00:00Z,same_date_duplicate_or_translation
P078342,12146161,2007-01-08T05:00:00Z,same_date_duplicate_or_translation
P079749,9684897,2008-05-23T04:00:00Z,same_date_duplicate_or_translation
P080228,12090818,2009-11-23T05:00:00Z,same_date_duplicate_or_translation
P080413,6469692,2005-02-18T05:00:00Z,same_date_duplicate_or_translation
P082498,10811746,2004-02-26T05:00:00Z,same_date_duplicate_or_translation
P082715,7450371,2004-01-07T05:00:00Z,same_date_duplicate_or_translation
P082999,4963131,2004-01-23T05:00:00Z,same_date_duplicate_or_translation
P083350,6569474,2005-12-07T05:00:00Z,same_date_duplicate_or_translation
P083370,10811724,2004-04-20T04:00:00Z,same_date_duplicate_or_translation
P084002,7726672,2007-05-01T04:00:00Z,same_date_duplicate_or_translation
P084317,5664005,2004-08-20T04:00:00Z,same_date_duplicate_or_translation
P085621,18473854,2013-05-07T04:00:00Z,same_date_duplicate_or_translation
P086689,5859911,2005-05-11T04:00:00Z,later_version_within_grace_window
P086994,7033765,2005-10-10T04:00:00Z,same_date_duplicate_or_translation
P087925,8476438,2007-09-27T04:00:00Z,later_version_within_grace_window
P087970,10774461,2007-05-22T04:00:00Z,same_date_duplicate_or_translation
P088435,12796603,2010-04-22T04:00:00Z,same_date_duplicate_or_translation
P088876,12800436,2008-04-01T04:00:00Z,same_date_duplicate_or_translation
P088929,5215368,2004-06-10T04:00:00Z,same_date_duplicate_or_translation
P089566,5813914,2005-03-13T05:00:00Z,later_version_within_grace_window
P091297,23926642,2007-07-09T04:00:00Z,same_date_duplicate_or_translation
P091827,12159940,2010-04-05T04:00:00Z,later_version_within_grace_window
P094007,7020892,2006-04-10T04:00:00Z,same_date_duplicate_or_translation
P094103,7716672,2007-03-05T05:00:00Z,same_date_duplicate_or_translation
P094103,7716694,2007-03-05T05:00:00Z,same_date_duplicate_or_translation
P094103,7716706,2007-03-05T05:00:00Z,same_date_duplicate_or_translation
P094755,14944827,2010-12-21T05:00:00Z,same_date_duplicate_or_translation
P095155,12092677,2005-10-01T04:00:00Z,later_version_within_grace_window
P095171,13050871,2010-10-29T04:00:00Z,later_version_within_grace_window
P095759,9697455,2008-04-16T04:00:00Z,same_date_duplicate_or_translation
P095847,11022571,2009-04-23T04:00:00Z,same_date_duplicate_or_translation
P095863,12265679,2009-12-16T05:00:00Z,same_date_duplicate_or_translation
P096058,8667814,2007-10-19T04:00:00Z,same_date_duplicate_or_translation
P096605,9420726,2006-02-23T05:00:00Z,same_date_duplicate_or_translation
P096998,12050616,2007-09-17T04:00:00Z,later_version_within_grace_window
P098040,8106947,2007-08-13T04:00:00Z,later_version_within_grace_window
P098742,9398716,2008-04-24T04:00:00Z,later_version_within_grace_window
P098889,8011498,2007-05-04T04:00:00Z,same_date_duplicate_or_translation
P099270,12091517,2009-04-07T04:00:00Z,same_date_duplicate_or_translation
P099453,6663338,2006-01-18T05:00:00Z,same_date_duplicate_or_translation
P100026,7326115,2006-11-14T05:00:00Z,same_date_duplicate_or_translation
P101201,12545577,2010-01-27T05:00:00Z,same_date_duplicate_or_translation
P101289,17364818,2012-11-02T04:00:00Z,same_date_duplicate_or_translation
P101336,14786178,2011-01-01T05:00:00Z,later_version_within_grace_window
P101504,13062866,2010-08-09T04:00:00Z,same_date_duplicate_or_translation
P102177,12691451,2010-06-01T04:00:00Z,same_date_duplicate_or_translation
P102475,10810184,2008-04-09T04:00:00Z,same_date_duplicate_or_translation
P103063,14182375,2010-10-13T04:00:00Z,same_date_duplicate_or_translation
P104265,9526651,2008-05-14T04:00:00Z,same_date_duplicate_or_translation
P104266,10803548,2009-06-03T04:00:00Z,same_date_duplicate_or_translation
P104357,7511241,2006-12-22T05:00:00Z,same_date_duplicate_or_translation
P106424,14464252,2010-10-25T04:00:00Z,same_date_duplicate_or_translation
P106680,15414969,2011-06-09T04:00:00Z,same_date_duplicate_or_translation
P106700,14813526,2011-06-13T04:00:00Z,same_date_duplicate_or_translation
P106735,15473539,2011-03-17T04:00:00Z,same_date_duplicate_or_translation
P106768,13806829,2010-07-28T04:00:00Z,same_date_duplicate_or_translation
P106851,9664540,2008-05-02T04:00:00Z,same_date_duplicate_or_translation
P106870,14617324,2010-11-02T04:00:00Z,later_version_within_grace_window
P107050,12796497,2010-04-22T04:00:00Z,same_date_duplicate_or_translation
P108583,10251570,2009-02-03T05:00:00Z,later_version_within_grace_window
P109024,10399730,2008-12-05T05:00:00Z,same_date_duplicate_or_translation
P110050,15947414,2011-11-01T04:00:00Z,same_date_duplicate_or_translation
P110671,14561040,2010-12-09T05:00:00Z,same_date_duplicate_or_translation
P110733,12550133,2010-03-26T04:00:00Z,same_date_duplicate_or_translation
P110752,13720567,2010-10-26T04:00:00Z,later_version_within_grace_window
P111394,13252279,2010-05-31T04:00:00Z,same_date_duplicate_or_translation
P111479,14838565,2010-11-11T05:00:00Z,same_date_duplicate_or_translation
P111661,16355291,2012-02-09T05:00:00Z,same_date_duplicate_or_translation
P111795,14177545,2010-11-05T04:00:00Z,same_date_duplicate_or_translation
P112011,14075733,2011-02-03T05:00:00Z,same_date_duplicate_or_translation
P112073,16706678,2011-06-03T04:00:00Z,same_date_duplicate_or_translation
P112074,17410602,2011-12-13T05:00:00Z,same_date_duplicate_or_translation
P113102,11989804,2009-11-20T05:00:00Z,same_date_duplicate_or_translation
P114294,24982382,2015-03-06T05:00:00Z,same_date_duplicate_or_translation
P114766,12090777,2009-08-07T04:00:00Z,same_date_duplicate_or_translation
P114810,16711429,2012-01-27T05:00:00Z,same_date_duplicate_or_translation
P114971,14581929,2010-10-25T04:00:00Z,same_date_duplicate_or_translation
P116011,13337553,2010-02-09T05:00:00Z,same_date_duplicate_or_translation
P116201,16546919,2012-06-04T04:00:00Z,same_date_duplicate_or_translation
P116230,24768952,2014-05-23T04:00:00Z,same_date_duplicate_or_translation
P116696,11683613,2010-01-07T05:00:00Z,same_date_duplicate_or_translation
P116919,12935060,2010-10-21T04:00:00Z,later_version_within_grace_window
P116974,13994271,2010-12-20T05:00:00Z,same_date_duplicate_or_translation
P117157,15622236,2011-06-09T04:00:00Z,same_date_duplicate_or_translation
P117293,14659281,2011-03-09T05:00:00Z,same_date_duplicate_or_translation
P117310,14784601,2011-01-31T05:00:00Z,same_date_duplicate_or_translation
P117318,18862629,2013-10-23T04:00:00Z,same_date_duplicate_or_translation
P117355,15556415,2011-05-17T04:00:00Z,same_date_duplicate_or_translation
P117363,13197513,2010-11-22T05:00:00Z,same_date_duplicate_or_translation
P117407,19691920,2013-06-03T04:00:00Z,same_date_duplicate_or_translation
P117443,15596726,2011-03-03T05:00:00Z,same_date_duplicate_or_translation
P117444,12857890,2010-05-27T04:00:00Z,same_date_duplicate_or_translation
P117449,25251588,2015-03-20T04:00:00Z,same_date_duplicate_or_translation
P117590,13724740,2010-06-10T04:00:00Z,same_date_duplicate_or_translation
P117608,12876846,2010-05-07T04:00:00Z,same_date_duplicate_or_translation
P117864,14440205,2011-03-21T04:00:00Z,same_date_duplicate_or_translation
P117947,15639500,2011-06-20T04:00:00Z,same_date_duplicate_or_translation
P117949,12485421,2010-03-02T05:00:00Z,same_date_duplicate_or_translation
P118064,17234233,2012-05-30T04:00:00Z,same_date_duplicate_or_translation
P118090,19385190,2012-06-13T04:00:00Z,same_date_duplicate_or_translation
P118213,18405844,2013-08-14T04:00:00Z,same_date_duplicate_or_translation
P118540,14480945,2010-08-03T04:00:00Z,same_date_duplicate_or_translation
P118560,12817880,2010-05-28T04:00:00Z,same_date_duplicate_or_translation
P120139,16282046,2012-02-06T05:00:00Z,same_date_duplicate_or_translation
P120198,14821535,2010-11-17T05:00:00Z,same_date_duplicate_or_translation
P120211,14990726,2010-11-17T05:00:00Z,same_date_duplicate_or_translation
P120523,13816928,2010-09-02T04:00:00Z,same_date_duplicate_or_translation
P120561,19496899,2012-10-22T04:00:00Z,later_version_within_grace_window
P120830,16750880,2012-03-20T04:00:00Z,later_version_within_grace_window
P121116,17197254,2012-08-06T04:00:00Z,same_date_duplicate_or_translation
P121152,17899563,2013-02-20T05:00:00Z,same_date_duplicate_or_translation
P121167,16546323,2012-03-07T05:00:00Z,same_date_duplicate_or_translation
P121195,13634236,2010-10-08T04:00:00Z,same_date_duplicate_or_translation
P121271,24768908,2012-03-20T04:00:00Z,later_version_within_grace_window
P121391,14595906,2010-11-19T05:00:00Z,same_date_duplicate_or_translation
P121492,13977577,2011-02-26T05:00:00Z,later_version_within_grace_window
P121495,17201091,2012-06-19T04:00:00Z,same_date_duplicate_or_translation
P121611,13720489,2010-12-29T05:00:00Z,same_date_duplicate_or_translation
P121648,19734053,2014-03-05T05:00:00Z,same_date_duplicate_or_translation
P121779,14990605,2010-12-23T05:00:00Z,same_date_duplicate_or_translation
P121836,15049541,2011-01-20T05:00:00Z,same_date_duplicate_or_translation
P122007,14581956,2011-03-31T04:00:00Z,later_version_within_grace_window
P122028,15553556,2011-10-13T04:00:00Z,same_date_duplicate_or_translation
P122540,23852211,2014-10-29T04:00:00Z,same_date_duplicate_or_translation
P122594,16732233,2012-03-28T04:00:00Z,same_date_duplicate_or_translation
P123146,17385372,2012-08-24T04:00:00Z,same_date_duplicate_or_translation
P123151,18489854,2012-12-14T05:00:00Z,same_date_duplicate_or_translation
P123367,15812723,2011-10-31T04:00:00Z,same_date_duplicate_or_translation
P123447,16643347,2011-11-10T05:00:00Z,same_date_duplicate_or_translation
P123706,19761948,2013-04-22T04:00:00Z,same_date_duplicate_or_translation
P123760,16222416,2011-12-21T05:00:00Z,same_date_duplicate_or_translation
P123879,19336143,2013-11-15T05:00:00Z,same_date_duplicate_or_translation
P123974,18054992,2013-04-25T04:00:00Z,same_date_duplicate_or_translation
P124134,16234247,2011-10-31T04:00:00Z,same_date_duplicate_or_translation
P124181,16259490,2011-10-17T04:00:00Z,same_date_duplicate_or_translation
P124341,15414390,2011-06-17T04:00:00Z,same_date_duplicate_or_translation
P124761,26088246,2013-04-22T04:00:00Z,same_date_duplicate_or_translation
P125006,14317486,2011-02-17T05:00:00Z,same_date_duplicate_or_translation
P125135,19176414,2013-01-18T05:00:00Z,same_date_duplicate_or_translation
P125151,14867613,2011-03-07T05:00:00Z,same_date_duplicate_or_translation
P125184,23856275,2014-09-04T04:00:00Z,same_date_duplicate_or_translation
P125799,16880346,2012-05-16T04:00:00Z,same_date_duplicate_or_translation
P125803,17277881,2012-10-12T04:00:00Z,same_date_duplicate_or_translation
P125829,17207149,2012-03-01T05:00:00Z,same_date_duplicate_or_translation
P126343,17012993,2012-09-18T04:00:00Z,same_date_duplicate_or_translation
P126357,17394175,2011-12-01T05:00:00Z,later_version_within_grace_window
P126364,15766416,2011-11-10T05:00:00Z,same_date_duplicate_or_translation
P126372,16928540,2012-04-26T04:00:00Z,same_date_duplicate_or_translation
P126408,17286332,2012-08-23T04:00:00Z,same_date_duplicate_or_translation
P126452,18800861,2013-05-20T04:00:00Z,same_date_duplicate_or_translation
P126537,16446400,2011-11-17T05:00:00Z,same_date_duplicate_or_translation
P126586,16432215,2012-04-12T04:00:00Z,same_date_duplicate_or_translation
P126735,19447413,2014-01-09T05:00:00Z,same_date_duplicate_or_translation
P126744,15952387,2011-10-31T04:00:00Z,same_date_duplicate_or_translation
P127163,19705497,2013-04-29T04:00:00Z,same_date_duplicate_or_translation
P127203,17191669,2012-08-27T04:00:00Z,same_date_duplicate_or_translation
P127245,18821604,2013-05-08T04:00:00Z,same_date_duplicate_or_translation
P127306,17112344,2012-10-03T04:00:00Z,same_date_duplicate_or_translation
P127463,19210044,2013-10-28T04:00:00Z,same_date_duplicate_or_translation
P127723,18155644,2013-05-14T04:00:00Z,same_date_duplicate_or_translation
P127743,17480793,2012-09-17T04:00:00Z,same_date_duplicate_or_translation
P127861,19942263,2012-11-06T05:00:00Z,same_date_duplicate_or_translation
P128654,25169602,2015-06-11T04:00:00Z,later_version_within_grace_window
P129326,16941193,2012-06-08T04:00:00Z,same_date_duplicate_or_translation
P129397,18505139,2013-06-06T04:00:00Z,later_version_within_grace_window
P129647,18940070,2013-10-25T04:00:00Z,same_date_duplicate_or_translation
P129774,17427209,2013-02-19T05:00:00Z,same_date_duplicate_or_translation
P130013,20270983,2013-05-17T04:00:00Z,same_date_duplicate_or_translation
P130343,19203334,2013-05-01T04:00:00Z,same_date_duplicate_or_translation
P130637,25194620,2014-06-27T04:00:00Z,same_date_duplicate_or_translation
P130819,17368678,2012-11-15T05:00:00Z,same_date_duplicate_or_translation
P130853,25730165,2013-01-18T05:00:00Z,same_date_duplicate_or_translation
P131029,18063925,2012-11-14T05:00:00Z,same_date_duplicate_or_translation
P131094,17457875,2012-11-07T05:00:00Z,same_date_duplicate_or_translation
P131120,17816580,2013-05-02T04:00:00Z,same_date_duplicate_or_translation
P131202,19268950,2013-07-05T04:00:00Z,same_date_duplicate_or_translation
P131256,26082015,2014-09-04T04:00:00Z,same_date_duplicate_or_translation
P131550,19258764,2013-11-21T05:00:00Z,same_date_duplicate_or_translation
P131709,18836357,2013-10-21T04:00:00Z,same_date_duplicate_or_translation
P132116,19925263,2013-08-05T04:00:00Z,same_date_duplicate_or_translation
P132157,24768986,2014-05-21T04:00:00Z,same_date_duplicate_or_translation
P132268,18928236,2013-02-04T05:00:00Z,later_version_within_grace_window
P132268,19628132,2013-02-04T05:00:00Z,later_version_within_grace_window
P132311,18381845,2013-06-28T04:00:00Z,same_date_duplicate_or_translation
P132314,17617994,2013-02-06T05:00:00Z,same_date_duplicate_or_translation
P132381,26566453,2014-05-20T04:00:00Z,same_date_duplicate_or_translation
P132405,23065736,2014-07-02T04:00:00Z,same_date_duplicate_or_translation
P132846,24982933,2015-03-06T05:00:00Z,same_date_duplicate_or_translation
P133193,25486908,2015-04-30T04:00:00Z,same_date_duplicate_or_translation
P133226,25835679,2013-07-15T04:00:00Z,later_version_within_grace_window
P133288,24734931,2015-03-09T04:00:00Z,same_date_duplicate_or_translation
P143185,26548293,2016-03-02T05:00:00Z,same_date_duplicate_or_translation
P143334,25468671,2015-06-11T04:00:00Z,same_date_duplicate_or_translation
P143492,25058326,2015-01-27T05:00:00Z,same_date_duplicate_or_translation
P143495,27372021,2016-12-12T05:00:00Z,same_date_duplicate_or_translation
P143594,24768951,2014-07-08T04:00:00Z,same_date_duplicate_or_translation
P143689,26249206,2015-04-03T04:00:00Z,same_date_duplicate_or_translation
P143715,18498738,2013-06-04T04:00:00Z,same_date_duplicate_or_translation
P143979,18773017,2013-09-30T04:00:00Z,same_date_duplicate_or_translation
P143996,19531180,2013-07-09T04:00:00Z,same_date_duplicate_or_translation
P144134,19761825,2013-01-24T05:00:00Z,later_version_within_grace_window
P144271,24139706,2014-11-17T05:00:00Z,same_date_duplicate_or_translation
P144489,18369215,2013-06-28T04:00:00Z,same_date_duplicate_or_translation
P144500,23069400,2013-06-27T04:00:00Z,same_date_duplicate_or_translation
P144539,26261249,2016-03-29T04:00:00Z,same_date_duplicate_or_translation
P144539,26739991,2016-03-29T04:00:00Z,same_date_duplicate_or_translation
P144674,18705343,2013-11-05T05:00:00Z,same_date_duplicate_or_translation
P144832,26586772,2013-10-01T04:00:00Z,later_version_within_grace_window
P145361,19588140,2014-05-07T04:00:00Z,same_date_duplicate_or_translation
P145529,19737537,2014-04-03T04:00:00Z,same_date_duplicate_or_translation
P145686,26611861,2016-06-01T04:00:00Z,same_date_duplicate_or_translation
P145782,20160263,2014-03-05T05:00:00Z,same_date_duplicate_or_translation
P145848,25244093,2014-04-08T04:00:00Z,later_version_within_grace_window
P145865,26586564,2013-07-03T04:00:00Z,same_date_duplicate_or_translation
P146055,19389521,2014-02-11T05:00:00Z,same_date_duplicate_or_translation
P146244,20352948,2014-03-06T05:00:00Z,same_date_duplicate_or_translation
P146312,19374012,2014-02-04T05:00:00Z,same_date_duplicate_or_translation
P146502,26680338,2015-06-03T04:00:00Z,later_version_within_grace_window
P146502,26777298,2015-06-16T04:00:00Z,same_date_duplicate_or_translation
P147006,19566279,2014-02-18T05:00:00Z,same_date_duplicate_or_translation
P147158,29249316,2017-09-26T04:00:00Z,same_date_duplicate_or_translation
P147185,24052163,2014-10-02T04:00:00Z,same_date_duplicate_or_translation
P147212,24156752,2014-10-02T04:00:00Z,same_date_duplicate_or_translation
P147213,24504173,2015-02-10T05:00:00Z,same_date_duplicate_or_translation
P147235,19285017,2014-01-14T05:00:00Z,same_date_duplicate_or_translation
P147272,26081843,2016-01-07T05:00:00Z,same_date_duplicate_or_translation
P147342,27406405,2016-12-09T05:00:00Z,same_date_duplicate_or_translation
P147638,24526921,2015-05-01T04:00:00Z,same_date_duplicate_or_translation
P147689,26917952,2013-10-10T04:00:00Z,same_date_duplicate_or_translation
P147854,26739818,2016-06-22T04:00:00Z,same_date_duplicate_or_translation
P147875,19459818,2014-01-22T05:00:00Z,later_version_within_grace_window
P148017,24518069,2015-04-03T04:00:00Z,same_date_duplicate_or_translation
P148127,25997503,2015-07-09T04:00:00Z,same_date_duplicate_or_translation
P148288,26766667,2014-05-27T04:00:00Z,same_date_duplicate_or_translation
P148600,27904467,2017-06-30T04:00:00Z,same_date_duplicate_or_translation
P148896,25835254,2015-10-07T04:00:00Z,same_date_duplicate_or_translation
P149242,25919322,2014-06-06T04:00:00Z,same_date_duplicate_or_translation
P149277,26611997,2015-10-29T04:00:00Z,same_date_duplicate_or_translation
P149653,25657235,2015-11-16T05:00:00Z,same_date_duplicate_or_translation
P149653,26822658,2015-11-16T05:00:00Z,same_date_duplicate_or_translation
P149724,27181313,2014-06-20T04:00:00Z,same_date_duplicate_or_translation
P149858,24052790,2014-10-02T04:00:00Z,same_date_duplicate_or_translation
P149895,19776774,2014-05-16T04:00:00Z,same_date_duplicate_or_translation
P149995,29359806,2017-11-20T05:00:00Z,same_date_duplicate_or_translation
P149995,29571986,2017-11-20T05:00:00Z,same_date_duplicate_or_translation
P150183,26381269,2015-03-04T05:00:00Z,same_date_duplicate_or_translation
P150481,24095294,2015-01-06T05:00:00Z,same_date_duplicate_or_translation
P150928,27392106,2017-02-16T05:00:00Z,same_date_duplicate_or_translation
P150930,25121541,2015-06-16T04:00:00Z,same_date_duplicate_or_translation
P150991,26839338,2016-08-03T04:00:00Z,later_version_within_grace_window
P150993,27039912,2015-04-09T04:00:00Z,same_date_duplicate_or_translation
P151030,27345552,2017-02-01T05:00:00Z,later_version_within_grace_window
P151030,27345699,2017-02-01T05:00:00Z,later_version_within_grace_window
P151059,26663794,2016-02-03T05:00:00Z,same_date_duplicate_or_translation
P151059,26803000,2016-02-04T05:00:00Z,later_version_within_grace_window
P151089,26721412,2015-11-25T05:00:00Z,same_date_duplicate_or_translation
P151357,27030568,2016-11-29T05:00:00Z,same_date_duplicate_or_translation
P152057,31252592,2019-04-09T04:00:00Z,same_date_duplicate_or_translation
P152096,25835296,2015-02-09T05:00:00Z,later_version_within_grace_window
P152646,25073592,2015-03-25T04:00:00Z,later_version_within_grace_window
P152898,25919324,2015-03-09T04:00:00Z,same_date_duplicate_or_translation
P153012,27678143,2017-04-07T04:00:00Z,same_date_duplicate_or_translation
P153338,26395669,2015-11-02T05:00:00Z,same_date_duplicate_or_translation
P153487,25954637,2015-10-02T04:00:00Z,same_date_duplicate_or_translation
P154112,26681865,2015-07-08T04:00:00Z,same_date_duplicate_or_translation
P155198,27325473,2017-02-16T05:00:00Z,same_date_duplicate_or_translation
P155732,26377610,2015-06-23T04:00:00Z,same_date_duplicate_or_translation
P157117,27221187,2017-01-30T05:00:00Z,same_date_duplicate_or_translation
P157395,26958674,2016-08-25T04:00:00Z,same_date_duplicate_or_translation
P157425,27296400,2016-11-02T04:00:00Z,same_date_duplicate_or_translation
P157531,27706726,2017-03-01T05:00:00Z,same_date_duplicate_or_translation
P157809,29877336,2018-03-23T04:00:00Z,same_date_duplicate_or_translation
P157932,27988734,2017-05-23T04:00:00Z,same_date_duplicate_or_translation
P158138,28099810,2017-08-21T04:00:00Z,same_date_duplicate_or_translation
P158346,29169629,2017-11-29T05:00:00Z,same_date_duplicate_or_translation
P158346,29310223,2017-11-29T05:00:00Z,same_date_duplicate_or_translation
P158346,29487716,2017-11-29T05:00:00Z,same_date_duplicate_or_translation
P159053,26741119,2016-07-05T04:00:00Z,same_date_duplicate_or_translation
P159213,27516571,2017-03-03T05:00:00Z,same_date_duplicate_or_translation
P159258,27981683,2017-06-28T04:00:00Z,same_date_duplicate_or_translation
P159337,28013331,2017-06-30T04:00:00Z,same_date_duplicate_or_translation
P159470,26858055,2016-09-02T04:00:00Z,same_date_duplicate_or_translation
P159515,27499189,2016-10-27T04:00:00Z,same_date_duplicate_or_translation
P159522,26901695,2016-09-02T04:00:00Z,same_date_duplicate_or_translation
P159692,30251367,2018-05-14T04:00:00Z,same_date_duplicate_or_translation
P159843,27407288,2017-02-03T05:00:00Z,same_date_duplicate_or_translation
P159929,27417291,2017-02-03T05:00:00Z,same_date_duplicate_or_translation
P160223,27345698,2017-01-24T05:00:00Z,same_date_duplicate_or_translation
P160224,29859885,2018-02-26T05:00:00Z,later_version_within_grace_window
P160245,30540546,2018-04-27T04:00:00Z,later_version_within_grace_window
P160674,27914640,2017-08-01T04:00:00Z,later_version_within_grace_window
P161809,27245570,2016-12-29T05:00:00Z,same_date_duplicate_or_translation
P161905,27744431,2017-06-01T04:00:00Z,later_version_within_grace_window
P162094,29877334,2018-01-09T05:00:00Z,same_date_duplicate_or_translation
P162407,29495994,2017-10-17T04:00:00Z,later_version_within_grace_window
P162659,27958172,2017-07-31T04:00:00Z,same_date_duplicate_or_translation
P162835,31128786,2019-03-27T04:00:00Z,same_date_duplicate_or_translation
P162850,30153799,2018-05-14T04:00:00Z,later_version_within_grace_window
P162901,30922928,2018-10-18T04:00:00Z,same_date_duplicate_or_translation
P162901,30929867,2018-10-18T04:00:00Z,same_date_duplicate_or_translation
P162904,29830041,2018-04-04T04:00:00Z,same_date_duplicate_or_translation
P162957,34015891,2022-11-28T05:00:00Z,same_date_duplicate_or_translation
P163015,29613003,2018-01-25T05:00:00Z,same_date_duplicate_or_translation
P163108,29670361,2018-02-01T05:00:00Z,later_version_within_grace_window
P163115,29757824,2017-11-21T05:00:00Z,same_date_duplicate_or_translation
P163255,30805205,2019-01-09T05:00:00Z,later_version_within_grace_window
P163437,29541979,2017-09-19T04:00:00Z,same_date_duplicate_or_translation
P163515,29905863,2018-04-19T04:00:00Z,same_date_duplicate_or_translation
P163576,30786451,2018-06-06T04:00:00Z,same_date_duplicate_or_translation
P163777,30290901,2018-04-02T04:00:00Z,same_date_duplicate_or_translation
P164164,30366682,2018-06-04T04:00:00Z,same_date_duplicate_or_translation
P164190,28706450,2017-10-20T04:00:00Z,same_date_duplicate_or_translation
P164389,32004966,2020-02-04T05:00:00Z,same_date_duplicate_or_translation
P164412,30213773,2018-05-10T04:00:00Z,same_date_duplicate_or_translation
P164453,30198473,2018-05-23T04:00:00Z,same_date_duplicate_or_translation
P164625,30550475,2018-07-31T04:00:00Z,same_date_duplicate_or_translation
P164661,30339850,2018-01-05T05:00:00Z,same_date_duplicate_or_translation
P165114,29919811,2018-03-22T04:00:00Z,same_date_duplicate_or_translation
P166059,32298570,2019-09-09T04:00:00Z,same_date_duplicate_or_translation
P166059,32506430,2019-09-09T04:00:00Z,same_date_duplicate_or_translation
P166220,31089861,2019-04-22T04:00:00Z,same_date_duplicate_or_translation
P167000,30309972,2018-06-06T04:00:00Z,same_date_duplicate_or_translation
P167380,31300798,2019-05-23T04:00:00Z,same_date_duplicate_or_translation
P167619,32149055,2019-05-30T04:00:00Z,same_date_duplicate_or_translation
P167619,32674719,2019-05-30T04:00:00Z,same_date_duplicate_or_translation
P167726,30401155,2018-07-30T04:00:00Z,same_date_duplicate_or_translation
P167795,33819085,2022-05-11T04:00:00Z,later_version_within_grace_window
P167996,31242820,2019-05-06T04:00:00Z,same_date_duplicate_or_translation
P168147,31737138,2019-10-16T04:00:00Z,same_date_duplicate_or_translation
P168147,31809799,2019-10-16T04:00:00Z,same_date_duplicate_or_translation
P168273,31813575,2019-06-03T04:00:00Z,same_date_duplicate_or_translation
P168295,31984709,2019-11-27T05:00:00Z,same_date_duplicate_or_translation
P168385,31517375,2019-06-06T04:00:00Z,same_date_duplicate_or_translation
P168425,31813581,2019-05-24T04:00:00Z,same_date_duplicate_or_translation
P168576,31324516,2019-06-27T04:00:00Z,same_date_duplicate_or_translation
P168739,32016559,2019-12-19T05:00:00Z,later_version_within_grace_window
P168777,33028307,2020-05-15T04:00:00Z,same_date_duplicate_or_translation
P168911,31517368,2019-06-07T04:00:00Z,same_date_duplicate_or_translation
P169125,31061175,2019-03-21T04:00:00Z,same_date_duplicate_or_translation
P169161,31964494,2020-02-27T05:00:00Z,same_date_duplicate_or_translation
P169677,31975044,2020-02-27T05:00:00Z,same_date_duplicate_or_translation
P170329,31592678,2019-08-07T04:00:00Z,same_date_duplicate_or_translation
P170419,32805603,2020-11-20T05:00:00Z,same_date_duplicate_or_translation
P170850,32961656,2020-05-01T04:00:00Z,same_date_duplicate_or_translation
P170928,32263820,2020-04-02T04:00:00Z,same_date_duplicate_or_translation
P171316,31964590,2020-02-27T05:00:00Z,same_date_duplicate_or_translation
P171683,33907850,2021-06-01T04:00:00Z,later_version_within_grace_window
P171777,32279051,2020-05-07T04:00:00Z,same_date_duplicate_or_translation
P171933,33401870,2021-08-10T04:00:00Z,later_version_within_grace_window
P172571,32286413,2020-05-21T04:00:00Z,same_date_duplicate_or_translation
P172578,32247721,2020-05-26T04:00:00Z,same_date_duplicate_or_translation
P172809,33031994,2020-11-19T05:00:00Z,same_date_duplicate_or_translation
P172899,32526354,2020-06-08T04:00:00Z,same_date_duplicate_or_translation
P172926,33826280,2022-04-27T04:00:00Z,later_version_within_grace_window
P173001,33907748,2021-05-24T04:00:00Z,later_version_within_grace_window
P173073,33399701,2021-05-13T04:00:00Z,same_date_duplicate_or_translation
P173367,32838564,2020-12-15T05:00:00Z,later_version_within_grace_window
P173480,33382965,2020-12-07T05:00:00Z,same_date_duplicate_or_translation
P173568,33266658,2021-02-18T05:00:00Z,same_date_duplicate_or_translation
P173582,32740771,2020-12-03T05:00:00Z,same_date_duplicate_or_translation
P173716,34219568,2023-12-14T05:00:00Z,later_version_within_grace_window
P173743,33464712,2021-09-07T04:00:00Z,later_version_within_grace_window
P173763,33830890,2022-03-06T05:00:00Z,later_version_within_grace_window
P173765,31941616,2020-04-02T04:00:00Z,later_version_within_grace_window
P173767,32113471,2020-04-02T04:00:00Z,later_version_within_grace_window
P173773,32054953,2020-04-02T04:00:00Z,later_version_within_grace_window
P173789,31916553,2020-03-27T04:00:00Z,same_date_duplicate_or_translation
P173789,31916554,2020-03-27T04:00:00Z,same_date_duplicate_or_translation
P173789,31921526,2020-03-27T04:00:00Z,same_date_duplicate_or_translation
P173789,31921699,2020-03-27T04:00:00Z,same_date_duplicate_or_translation
P173789,31921701,2020-03-27T04:00:00Z,same_date_duplicate_or_translation
P173789,31921795,2020-03-27T04:00:00Z,same_date_duplicate_or_translation
P173789,31921796,2020-03-27T04:00:00Z,same_date_duplicate_or_translation
P173789,31924878,2020-03-27T04:00:00Z,same_date_duplicate_or_translation
P173789,31924879,2020-03-27T04:00:00Z,same_date_duplicate_or_translation
P173789,31924966,2020-03-27T04:00:00Z,same_date_duplicate_or_translation
P173789,31924968,2020-03-27T04:00:00Z,same_date_duplicate_or_translation
P173789,31924982,2020-03-27T04:00:00Z,same_date_duplicate_or_translation
P173789,31924983,2020-03-27T04:00:00Z,same_date_duplicate_or_translation
P173789,31924984,2020-03-27T04:00:00Z,same_date_duplicate_or_translation
P173789,31924986,2020-03-27T04:00:00Z,same_date_duplicate_or_translation
P173789,31924987,2020-03-27T04:00:00Z,same_date_duplicate_or_translation
P173789,31925029,2020-03-27T04:00:00Z,same_date_duplicate_or_translation
P173789,31925030,2020-03-27T04:00:00Z,same_date_duplicate_or_translation
P173789,31925040,2020-03-27T04:00:00Z,same_date_duplicate_or_translation
P173789,31925042,2020-03-27T04:00:00Z,same_date_duplicate_or_translation
P173789,31933141,2020-03-27T04:00:00Z,same_date_duplicate_or_translation
P173789,31933142,2020-03-27T04:00:00Z,same_date_duplicate_or_translation
P173789,31933143,2020-03-27T04:00:00Z,same_date_duplicate_or_translation
P173789,31924988,2020-03-29T04:00:00Z,later_version_within_grace_window
P173789,32018335,2020-03-27T04:00:00Z,same_date_duplicate_or_translation
P173789,31968515,2020-04-02T04:00:00Z,later_version_within_grace_window
P173789,32054953,2020-04-02T04:00:00Z,later_version_within_grace_window
P173789,32113471,2020-04-02T04:00:00Z,later_version_within_grace_window
P173789,32263821,2020-04-02T04:00:00Z,later_version_within_grace_window
P173800,32016038,2020-03-27T04:00:00Z,same_date_duplicate_or_translation
P173805,32263821,2020-04-02T04:00:00Z,later_version_within_grace_window
P173807,31968515,2020-04-02T04:00:00Z,later_version_within_grace_window
P173854,32502405,2020-04-02T04:00:00Z,later_version_within_grace_window
P173861,32117730,2020-04-02T04:00:00Z,later_version_within_grace_window
P173862,32018335,2020-03-27T04:00:00Z,same_date_duplicate_or_translation
P173872,32123160,2020-04-02T04:00:00Z,later_version_within_grace_window
P173876,32224459,2020-04-02T04:00:00Z,later_version_within_grace_window
P173945,32738099,2020-04-02T04:00:00Z,later_version_within_grace_window
P173972,32623014,2020-04-28T04:00:00Z,same_date_duplicate_or_translation
P173974,32206538,2020-06-11T04:00:00Z,same_date_duplicate_or_translation
P174078,32335624,2020-07-14T04:00:00Z,same_date_duplicate_or_translation
P174177,33493864,2021-06-19T04:00:00Z,later_version_within_grace_window
P174414,33736404,2021-09-08T04:00:00Z,same_date_duplicate_or_translation
P174812,33678053,2021-08-17T04:00:00Z,later_version_within_grace_window
P174867,33818244,2022-05-10T04:00:00Z,later_version_within_grace_window
P175036,32780070,2020-09-04T04:00:00Z,later_version_within_grace_window
P175137,32892904,2021-02-10T05:00:00Z,same_date_duplicate_or_translation
P175138,33084318,2021-04-06T04:00:00Z,later_version_within_grace_window
P175483,33907635,2022-02-28T05:00:00Z,later_version_within_grace_window
P175483,33907704,2022-02-28T05:00:00Z,later_version_within_grace_window
P175592,33819086,2022-05-11T04:00:00Z,later_version_within_grace_window
P175629,34029437,2023-03-27T04:00:00Z,later_version_within_grace_window
P175669,33790078,2022-01-25T05:00:00Z,later_version_within_grace_window
P175721,33815423,2022-05-10T04:00:00Z,later_version_within_grace_window
P175721,33866104,2022-05-09T04:00:00Z,same_date_duplicate_or_translation
P175878,32889393,2021-01-06T05:00:00Z,same_date_duplicate_or_translation
P176017,33905199,2022-02-28T05:00:00Z,later_version_within_grace_window
P176060,33907859,2022-06-01T04:00:00Z,later_version_within_grace_window
P176105,33998846,2021-12-17T05:00:00Z,same_date_duplicate_or_translation
P176272,33819102,2022-05-10T04:00:00Z,later_version_within_grace_window
P176352,33028309,2021-03-21T04:00:00Z,later_version_within_grace_window
P176532,33904059,2022-06-15T04:00:00Z,later_version_within_grace_window
P176548,33819098,2022-05-10T04:00:00Z,later_version_within_grace_window
P176577,33814301,2022-02-21T05:00:00Z,later_version_within_grace_window
P176589,33819084,2022-05-10T04:00:00Z,later_version_within_grace_window
P177031,33815353,2022-05-10T04:00:00Z,later_version_within_grace_window
P177040,33819612,2022-05-09T04:00:00Z,later_version_within_grace_window
P177069,33836693,2022-05-17T04:00:00Z,same_date_duplicate_or_translation
P177239,33819610,2022-05-10T04:00:00Z,later_version_within_grace_window
P177533,34125904,2023-05-30T04:00:00Z,same_date_duplicate_or_translation
P177897,33870941,2022-05-19T04:00:00Z,later_version_within_grace_window
P177932,33930420,2022-09-11T04:00:00Z,later_version_within_grace_window
P177959,33899271,2021-12-05T05:00:00Z,later_version_within_grace_window
P178143,33820559,2022-05-11T04:00:00Z,later_version_within_grace_window
P178181,33752333,2021-12-01T05:00:00Z,same_date_duplicate_or_translation
P178566,33868258,2022-05-24T04:00:00Z,same_date_duplicate_or_translation
P178760,33812758,2022-04-30T04:00:00Z,later_version_within_grace_window
P178819,33977747,2022-12-12T05:00:00Z,same_date_duplicate_or_translation
P178824,33944094,2022-11-15T05:00:00Z,same_date_duplicate_or_translation
P178866,34370937,2022-04-25T04:00:00Z,same_date_duplicate_or_translation
P178935,40001625,2025-01-29T05:00:00Z,same_date_duplicate_or_translation
P179365,40081308,2023-11-13T05:00:00Z,same_date_duplicate_or_translation
P179440,34173751,2023-05-02T04:00:00Z,same_date_duplicate_or_translation
P179534,34182780,2023-06-07T04:00:00Z,same_date_duplicate_or_translation
P179665,34043599,2022-11-30T05:00:00Z,same_date_duplicate_or_translation
P179923,34462875,2024-07-19T04:00:00Z,later_version_within_grace_window
P180027,34210096,2023-10-25T04:00:00Z,same_date_duplicate_or_translation
P180092,34186956,2023-08-01T04:00:00Z,same_date_duplicate_or_translation
P180263,34179800,2023-03-15T04:00:00Z,same_date_duplicate_or_translation
P180334,34374654,2023-06-02T04:00:00Z,same_date_duplicate_or_translation
P180512,34257615,2023-11-20T05:00:00Z,same_date_duplicate_or_translation
P181087,34294430,2023-09-18T04:00:00Z,same_date_duplicate_or_translation
P500481,40111123,2026-04-29T04:00:00Z,same_date_duplicate_or_translation
P500481,40111125,2026-04-29T04:00:00Z,same_date_duplicate_or_translation
P502979,34463376,2025-02-12T05:00:00Z,same_date_duplicate_or_translation
P503036,34240034,2023-12-06T05:00:00Z,same_date_duplicate_or_translation
P504126,40085562,2025-08-08T04:00:00Z,later_version_within_grace_window
P506109,40035227,2025-03-07T05:00:00Z,same_date_duplicate_or_translation
P506846,34444738,2024-10-29T04:00:00Z,same_date_duplicate_or_translation
P507278,40003267,2025-03-20T04:00:00Z,later_version_within_grace_window
P507514,40056312,2025-06-22T04:00:00Z,later_version_within_grace_window
P507944,40114862,2026-06-29T04:00:00Z,later_version_within_grace_window
P508537,40043318,2025-08-18T04:00:00Z,same_date_duplicate_or_translation
P508917,40014401,2025-03-18T04:00:00Z,later_version_within_grace_window
P509224,40025505,2025-06-26T04:00:00Z,same_date_duplicate_or_translation
P509503,40026200,2025-06-27T04:00:00Z,same_date_duplicate_or_translation
P509503,40020179,2025-06-07T04:00:00Z,later_version_within_grace_window
P509664,40011057,2025-05-06T04:00:00Z,same_date_duplicate_or_translation
P509826,40113177,2025-06-20T04:00:00Z,same_date_duplicate_or_translation
P513341,40115959,2026-07-01T04:00:00Z,same_date_duplicate_or_translation
P513939,40101238,2026-05-05T04:00:00Z,later_version_within_grace_window
P514502,40111722,2026-05-13T04:00:00Z,same_date_duplicate_or_translation
P514855,40125817,2026-06-09T04:00:00Z,same_date_duplicate_or_translation
