label,horizon,vehicle,holder,n_train,rate_train,n_test,rate_test
schedule_slip_gt365,12,SOL|3600|797FSS000115R3,MKNJPM6CKSP9,53,0.07547169811320754,70,0.014285714285714285
schedule_slip_gt365,12,SOL|3600|SPE2D115R0001,DJY8WLTGF577,37,0.0,303,0.09570957095709572
schedule_slip_gt365,12,SOL|3600|VA11815R0558,D84JK2RNL7V4,18,0.1111111111111111,9,0.2222222222222222
schedule_slip_gt365,12,SOL|3600|VA11815R0558,GLGMWJ8EVMR9,24,0.041666666666666664,9,0.1111111111111111
schedule_slip_gt365,12,SOL|3600|VA11815R0558,HH52KZGMV2Y6,9,0.0,8,0.25
schedule_slip_gt365,12,SOL|3600|VA11815R0558,KHK6E1JW9C15,7,0.0,7,0.2857142857142857
schedule_slip_gt365,12,SOL|3600|VA11815R0558,L73LKJ1JCVM7,12,0.0,4,0.0
schedule_slip_gt365,12,SOL|3600|VA11815R0558,LRN9VLLCX9Y8,6,0.0,8,0.125
schedule_slip_gt365,12,SOL|3600|VA11815R0558,NKKQE6FG4C28,4,0.0,6,0.16666666666666666
schedule_slip_gt365,12,SOL|3600|VA11815R0558,NYM8TAUFLXP3,6,0.0,3,0.0
schedule_slip_gt365,12,SOL|3600|VA11815R0558,QNL4KMADTD36,16,0.0625,6,0.0
schedule_slip_gt365,12,SOL|3600|VA11815R0558,R4WTAS3E7BA4,21,0.0,5,0.0
schedule_slip_gt365,12,SOL|3600|VA11815R0558,SVSAKVZJN1S7,12,0.0,8,0.0
schedule_slip_gt365,12,SOL|3600|VA11815R0558,XDDKMXTVJSN8,5,0.2,4,0.5
schedule_slip_gt365,12,SOL|3600|VA25815R0002,CT93GMZBKE24,7,0.14285714285714285,6,0.16666666666666666
schedule_slip_gt365,12,SOL|4730|3FNJC1000001B,CHTAKEYGS386,56,0.017857142857142856,11,0.0
schedule_slip_gt365,12,SOL|4730|3FNJC1000001B,K8NNV2MH8AE6,14,0.07142857142857142,5,0.0
schedule_slip_gt365,12,SOL|4730|3FNJC1000001B,N7SFZMRQUPH9,20,0.2,5,0.0
schedule_slip_gt365,12,SOL|4730|3QSAJB100001B,DDJ2GKQM7M84,20,0.1,6,0.0
schedule_slip_gt365,12,SOL|4730|3QSAJB100001B,EJDQQK6CAHM7,8,0.0,4,0.0
schedule_slip_gt365,12,SOL|4730|47QSMD20R0001,MCQUYM6GHNJ5,18,0.1111111111111111,30,0.0
schedule_slip_gt365,12,SOL|4730|47QSMD20R0001,WD8KKTRJWAZ3,44,0.022727272727272728,9,0.1111111111111111
schedule_slip_gt365,12,SOL|4730|7FCBC4070066B,CMBPHDRMCS51,132,0.007575757575757576,33,0.0
schedule_slip_gt365,12,SOL|4730|7FCBC4070066B,KRRTFMX1J3H3,3,0.0,3,0.0
schedule_slip_gt365,12,SOL|4730|7FCBC4070066B,PGCSXZ1SSA68,44,0.0,9,0.0
schedule_slip_gt365,12,SOL|4730|7FCBH2070541B,SJGQXJEFBKC5,14,0.14285714285714285,4,0.0
schedule_slip_gt365,12,SOL|4730|7FCIF8030056B,MLC1FHL356S9,11,0.0,7,0.14285714285714285
schedule_slip_gt365,12,SOL|4730|7FCIL3030084B,M8BJXXE2NG25,8,0.0,5,0.2
schedule_slip_gt365,12,SOL|4730|7FCIL3030084B,YWLLJBHSE9A4,5,0.2,5,0.0
schedule_slip_gt365,12,SOL|4730|FBGTGG050001B,YDFXJ4HBAGA6,7,0.0,5,0.0
schedule_slip_gt365,12,SOL|4730|FCISJB980001B,CGE8ABMZLZN9,22,0.045454545454545456,8,0.0
schedule_slip_gt365,12,SOL|4730|FCISJB980001B,CHRNPLHCSL95,5,0.4,4,0.0
schedule_slip_gt365,12,SOL|4730|FCISJB980001B,E3W3M92ASRQ5,35,0.11428571428571428,31,0.16129032258064516
schedule_slip_gt365,12,SOL|4730|FCISJB980001B,G3FMDEWF7YV3,21,0.14285714285714285,3,0.0
schedule_slip_gt365,12,SOL|4730|FCISJB980001B,JJKKJ9PYWAP1,4,0.0,4,0.25
schedule_slip_gt365,12,SOL|4730|FCISJB980001B,N1C5QLNPJLS4,11,0.0,10,0.0
schedule_slip_gt365,12,SOL|4730|FCISJB980001B,NUNVJJM2UYY1,32,0.03125,6,0.16666666666666666
schedule_slip_gt365,12,SOL|4730|FCISJB980001B,R2VGJTEMCNL5,10,0.2,4,0.0
schedule_slip_gt365,12,SOL|4730|FCISJB980001B,SJHANNQ8XZT6,10,0.3,4,0.0
schedule_slip_gt365,12,SOL|4730|FCISJB980001B,T5FETBQCPBT3,3,0.3333333333333333,4,0.0
schedule_slip_gt365,12,SOL|4730|FCISJB980001B,UEYLW3YCLYW5,82,0.07317073170731707,3,0.0
schedule_slip_gt365,12,SOL|4730|FCISJB980001B,X5V6UB9HVCD8,15,0.06666666666666667,3,0.3333333333333333
schedule_slip_gt365,12,SOL|4730|FCISJB980001B,XTQKKB8LAJ87,6,0.0,9,0.0
schedule_slip_gt365,12,SOL|4730|FCO00CORP0000C,CM9VW5P6GKB6,5,0.0,5,0.0
schedule_slip_gt365,12,SOL|4730|FCO00CORP0000C,D5LNGW92BF61,5,0.0,5,0.0
schedule_slip_gt365,12,SOL|4730|FCO00CORP0000C,E6JFJLBFNC21,13,0.0,3,0.0
schedule_slip_gt365,12,SOL|4730|FCO00CORP0000C,EK38FYR4WKJ7,5,0.6,4,0.25
schedule_slip_gt365,12,SOL|4730|FCO00CORP0000C,P9M1N7DNLDB5,4,0.0,3,0.0
schedule_slip_gt365,12,SOL|4730|FFAHC2990235B,C33FM23HZW23,37,0.0,8,0.0
schedule_slip_gt365,12,SOL|4730|FFAHC2990235B,FU8JCLJBJC45,6,0.0,4,0.0
schedule_slip_gt365,12,SOL|4730|FFAHC2990235B,K84QVFQTYZ93,4,0.0,3,0.0
schedule_slip_gt365,12,SOL|4730|TFTPMC000874B,DM8CEGRELZH7,26,0.038461538461538464,13,0.07692307692307693
schedule_slip_gt365,12,SOL|4730|TFTPMC000874B,GX1LCREDG8B8,5,0.0,5,0.0
schedule_slip_gt365,12,SOL|4730|TFTPMC000874B,GZMHL3R9LGZ3,3,0.0,3,0.0
schedule_slip_gt365,12,SOL|4730|TFTPMC000874B,UJMMR3K2CDK6,35,0.02857142857142857,3,0.0
schedule_slip_gt365,12,SOL|4730|TFTPMC000874B,ULJSBXBHRM15,3,0.0,4,0.0
schedule_slip_gt365,12,SOL|4730|TFTPMC000874B,YY46Q97AEZA8,38,0.05263157894736842,8,0.25
schedule_slip_gt365,12,SOL|4730|TFTPMC990871B,GWK3RNGGFCE6,4,0.5,6,0.5
schedule_slip_gt365,12,SOL|4732|3FNGRG020001B,CNASGNNZ9MP8,10,0.0,3,0.0
schedule_slip_gt365,12,SOL|4732|3FNJC1000001B,EFMFNAELHYR5,3,0.0,10,0.3
schedule_slip_gt365,12,SOL|4732|3QSAJB100001B,E32XCUALMYL4,9,0.0,17,0.0
schedule_slip_gt365,12,SOL|4732|3QSAJB100001B,F4NYD5JGEUS8,6,0.0,8,0.0
schedule_slip_gt365,12,SOL|4732|3QSAJB100001B,GFQJBLPZWC44,8,0.0,14,0.0
schedule_slip_gt365,12,SOL|4732|3QSAJB100001B,H1ZPXTA8DZC5,24,0.041666666666666664,17,0.058823529411764705
schedule_slip_gt365,12,SOL|4732|3QSAJB100001B,HCWRS39M4BL5,9,0.0,5,0.0
schedule_slip_gt365,12,SOL|4732|3QSAJB100001B,J25LZMLKHLS7,5,0.0,3,0.0
schedule_slip_gt365,12,SOL|4732|3QSAJB100001B,M5EMFRYLDKL5,19,0.0,68,0.0
schedule_slip_gt365,12,SOL|4732|3QSAJB100001B,Q2K3MSZ843D8,11,0.0,19,0.15789473684210525
schedule_slip_gt365,12,SOL|4732|3QSAJB100001B,W9Z1CJ2RM4K4,25,0.0,18,0.0
schedule_slip_gt365,12,SOL|4732|3QSAJB100001B,YF8MJMNKKNH4,8,0.0,6,0.0
schedule_slip_gt365,12,SOL|4732|3QSAJB100001B,ZU97KH6K6D26,4,0.0,3,0.0
schedule_slip_gt365,12,SOL|4732|6FECE6030292B,ECT6DLK37A17,5,0.0,7,0.0
schedule_slip_gt365,12,SOL|4732|6FECE6030292B,GFK7ANN57833,4,0.0,3,0.0
schedule_slip_gt365,12,SOL|4732|6FECE6030292B,GJ63QJ2D2MM3,5,0.0,3,0.0
schedule_slip_gt365,12,SOL|4732|6FECE6030292B,H294NPGNMEB5,3,0.3333333333333333,3,0.3333333333333333
schedule_slip_gt365,12,SOL|4732|6FECE6030292B,KLTHNVKLJ731,4,0.0,4,0.0
schedule_slip_gt365,12,SOL|4732|6FECE6030292B,Z1VZG6JVDRQ5,3,0.3333333333333333,6,0.0
schedule_slip_gt365,12,SOL|4732|6FECE6030292B,Z28YM74GHC84,4,0.0,3,0.3333333333333333
schedule_slip_gt365,12,SOL|4732|6FECE6060173B,YFJ5M3N6EKY8,25,0.0,7,0.0
schedule_slip_gt365,12,SOL|4732|7FCBC4070066B,HE7NJQGP4ED6,3,0.0,11,0.09090909090909091
schedule_slip_gt365,12,SOL|4732|7FCBC4070066B,JFT8BGF7FKV6,41,0.0,17,0.17647058823529413
schedule_slip_gt365,12,SOL|4732|7FCBC4070066B,SD9JZ9S7MEA6,28,0.14285714285714285,40,0.0
schedule_slip_gt365,12,SOL|4732|7FCBC4070066B,SP3XF3BGBSB3,15,0.0,12,0.0
schedule_slip_gt365,12,SOL|4732|7FCBC4070066B,SP9SDCSMMX78,10,0.0,7,0.0
schedule_slip_gt365,12,SOL|4732|7FCBH2070541B,C3X8QMRJVJH5,17,0.17647058823529413,7,0.2857142857142857
schedule_slip_gt365,12,SOL|4732|7FCBH2070541B,CP2JANC9NLK1,4,0.25,6,0.16666666666666666
schedule_slip_gt365,12,SOL|4732|7FCBH2070541B,H5EHZJMD3MM7,3,0.0,6,0.0
schedule_slip_gt365,12,SOL|4732|7FCIF8030056B,CYU2FMJ3JM58,11,0.18181818181818182,5,0.0
schedule_slip_gt365,12,SOL|4732|7FCIF8030056B,DH6HDJRM1K27,20,0.0,5,0.0
schedule_slip_gt365,12,SOL|4732|7FCIF8030056B,DKM8AG9MMBN5,6,0.0,4,0.0
schedule_slip_gt365,12,SOL|4732|7FCIF8030056B,K4LFJ69AJDH9,3,0.3333333333333333,5,0.0
schedule_slip_gt365,12,SOL|4732|7FCIF8030056B,KFJ7JZ4EKFK8,3,0.0,4,0.0
schedule_slip_gt365,12,SOL|4732|7FCIF8030056B,NPRHJXMJ1JS4,7,0.0,6,0.0
schedule_slip_gt365,12,SOL|4732|7FCIL3030084B,C4NCC2SVM6B6,5,0.0,4,0.0
schedule_slip_gt365,12,SOL|4732|7FCIL3030084B,CE8MGXAS9KJ6,9,0.0,18,0.05555555555555555
schedule_slip_gt365,12,SOL|4732|7FCIL3030084B,DGSKHRKYPDK9,5,0.0,17,0.0
schedule_slip_gt365,12,SOL|4732|7FCIL3030084B,ENNXUJ26CDB6,3,0.0,3,0.0
schedule_slip_gt365,12,SOL|4732|7FCIL3030084B,FHKLJV1NP651,3,0.0,5,0.0
schedule_slip_gt365,12,SOL|4732|7FCIL3030084B,JZXZSN3BBL98,17,0.0,14,0.14285714285714285
schedule_slip_gt365,12,SOL|4732|7FCIL3030084B,LWBHJMDUAJ84,5,0.2,6,0.16666666666666666
schedule_slip_gt365,12,SOL|4732|7FCIL3030084B,RKUTRVHPGKP7,17,0.0,25,0.0
schedule_slip_gt365,12,SOL|4732|7FCIL3030084B,V4AQCM8XKP27,9,0.0,4,0.0
schedule_slip_gt365,12,SOL|4732|7FCIL3030084B,VKKVJKSKMDS6,3,0.0,3,0.0
schedule_slip_gt365,12,SOL|4732|7FCIL3030084B,WC8ZXNHDLKE1,14,0.0,3,0.0
schedule_slip_gt365,12,SOL|4732|FCISJB980001B,CKV2L9GZKJK3,74,0.013513513513513514,30,0.0
schedule_slip_gt365,12,SOL|4732|FCISJB980001B,CNBJU7PDKK91,9,0.0,10,0.0
schedule_slip_gt365,12,SOL|4732|FCISJB980001B,DJRUN4KK1HK3,22,0.0,6,0.0
schedule_slip_gt365,12,SOL|4732|FCISJB980001B,DT8KJHZXVJH5,531,0.05273069679849341,175,0.03428571428571429
schedule_slip_gt365,12,SOL|4732|FCISJB980001B,DXUYQDBKRLJ9,13,0.0,3,0.0
schedule_slip_gt365,12,SOL|4732|FCISJB980001B,EELEC8QCC3N8,3,0.0,8,0.0
schedule_slip_gt365,12,SOL|4732|FCISJB980001B,EFAJMASTF3J7,10,0.1,3,0.0
schedule_slip_gt365,12,SOL|4732|FCISJB980001B,F1N2KDGBDTU8,36,0.027777777777777776,35,0.05714285714285714
schedule_slip_gt365,12,SOL|4732|FCISJB980001B,FNZGNWHTXVL4,5,0.0,7,0.0
schedule_slip_gt365,12,SOL|4732|FCISJB980001B,GKJ8XJLWC2F6,3,0.6666666666666666,3,0.0
schedule_slip_gt365,12,SOL|4732|FCISJB980001B,GNVLM7NAQXT1,4,0.0,9,0.0
schedule_slip_gt365,12,SOL|4732|FCISJB980001B,HJLSY7RZV8X6,9,0.0,15,0.0
schedule_slip_gt365,12,SOL|4732|FCISJB980001B,J8FRFK3U6M93,6,0.0,3,0.0
schedule_slip_gt365,12,SOL|4732|FCISJB980001B,JCBMLGPE6Z71,10,0.2,21,0.09523809523809523
schedule_slip_gt365,12,SOL|4732|FCISJB980001B,JLW7WAKPEKD4,6,0.0,5,0.0
schedule_slip_gt365,12,SOL|4732|FCISJB980001B,JMVMGGNJGA29,5,0.0,6,0.0
schedule_slip_gt365,12,SOL|4732|FCISJB980001B,JNMNNA51QJQ4,14,0.07142857142857142,7,0.14285714285714285
schedule_slip_gt365,12,SOL|4732|FCISJB980001B,JSTDGZNFP4A3,31,0.12903225806451613,12,0.08333333333333333
schedule_slip_gt365,12,SOL|4732|FCISJB980001B,JUP5NWBUV9D6,3,0.0,9,0.0
schedule_slip_gt365,12,SOL|4732|FCISJB980001B,K5TBNBLVG1F8,5,0.0,7,0.0
schedule_slip_gt365,12,SOL|4732|FCISJB980001B,KPE7GC6WV995,3,0.0,4,0.0
schedule_slip_gt365,12,SOL|4732|FCISJB980001B,KTMNK3RAF749,4,0.0,3,0.0
schedule_slip_gt365,12,SOL|4732|FCISJB980001B,L6REMB5VKLL9,270,0.044444444444444446,26,0.0
schedule_slip_gt365,12,SOL|4732|FCISJB980001B,LZJGFBLKFEW6,5,0.0,9,0.1111111111111111
schedule_slip_gt365,12,SOL|4732|FCISJB980001B,MBSRAWAQ9559,5,0.0,11,0.0
schedule_slip_gt365,12,SOL|4732|FCISJB980001B,MMLKPW9JLX64,4,0.0,6,0.0
schedule_slip_gt365,12,SOL|4732|FCISJB980001B,NYM8TAUFLXP3,39,0.05128205128205128,6,0.0
schedule_slip_gt365,12,SOL|4732|FCISJB980001B,QHBLBNKKV4U3,4,0.0,9,0.1111111111111111
schedule_slip_gt365,12,SOL|4732|FCISJB980001B,QNM9J87U6PW4,6,0.0,4,0.0
schedule_slip_gt365,12,SOL|4732|FCISJB980001B,QTS5KQ4BPQ21,9,0.1111111111111111,3,0.0
schedule_slip_gt365,12,SOL|4732|FCISJB980001B,SELVLQN46MM7,3,0.0,4,0.0
schedule_slip_gt365,12,SOL|4732|FCISJB980001B,SMNWM6HN79X5,8,0.0,21,0.09523809523809523
schedule_slip_gt365,12,SOL|4732|FCISJB980001B,TRKEP1HEBNS5,4,0.0,16,0.25
schedule_slip_gt365,12,SOL|4732|FCISJB980001B,VSFCW25ZAE49,4,0.25,8,0.125
schedule_slip_gt365,12,SOL|4732|FCISJB980001B,VV9KH3L99VE3,28,0.07142857142857142,28,0.03571428571428571
schedule_slip_gt365,12,SOL|4732|FCISJB980001B,WN8JFVZTBCA5,18,0.16666666666666666,12,0.16666666666666666
schedule_slip_gt365,12,SOL|4732|FCISJB980001B,WTMSNFD6P9J3,3,0.0,6,0.16666666666666666
schedule_slip_gt365,12,SOL|4732|FCISJB980001B,WUK9A5UR33S7,31,0.03225806451612903,60,0.1
schedule_slip_gt365,12,SOL|4732|FCISJB980001B,ZL8ELG1ULWW5,3,0.0,5,0.2
schedule_slip_gt365,12,SOL|4732|FCO00CORP0000C,C47BNA8GM833,8,0.0,5,0.0
schedule_slip_gt365,12,SOL|4732|FCO00CORP0000C,CKV2L9GZKJK3,68,0.0,37,0.10810810810810811
schedule_slip_gt365,12,SOL|4732|FCO00CORP0000C,CSPNRK2TA2X3,4,0.0,4,0.0
schedule_slip_gt365,12,SOL|4732|FCO00CORP0000C,D72GB943Q923,6,0.16666666666666666,6,0.0
schedule_slip_gt365,12,SOL|4732|FCO00CORP0000C,DN7UQLDB21F5,4,0.0,3,0.6666666666666666
schedule_slip_gt365,12,SOL|4732|FCO00CORP0000C,DQ7YZMCK5D23,4,0.0,6,0.3333333333333333
schedule_slip_gt365,12,SOL|4732|FCO00CORP0000C,DSDEKJ6JRLA7,10,0.0,8,0.125
schedule_slip_gt365,12,SOL|4732|FCO00CORP0000C,E9BSACNAJ7G1,10,0.0,6,0.0
schedule_slip_gt365,12,SOL|4732|FCO00CORP0000C,EKL9GHBN21A1,8,0.0,7,0.0
schedule_slip_gt365,12,SOL|4732|FCO00CORP0000C,F125YU6SWK59,3,0.0,3,0.0
schedule_slip_gt365,12,SOL|4732|FCO00CORP0000C,F9KSDU7L9VP6,13,0.0,21,0.23809523809523808
schedule_slip_gt365,12,SOL|4732|FCO00CORP0000C,H2RGSKWXKHQ5,9,0.0,3,0.3333333333333333
schedule_slip_gt365,12,SOL|4732|FCO00CORP0000C,H3BJSKLLEF57,5,0.0,12,0.0
schedule_slip_gt365,12,SOL|4732|FCO00CORP0000C,HMAMXN2R9864,7,0.0,4,0.75
schedule_slip_gt365,12,SOL|4732|FCO00CORP0000C,JCBMLGPE6Z71,49,0.02040816326530612,25,0.16
schedule_slip_gt365,12,SOL|4732|FCO00CORP0000C,JG1JX6NL39U7,12,0.16666666666666666,22,0.045454545454545456
schedule_slip_gt365,12,SOL|4732|FCO00CORP0000C,JJHCMK4NT5N3,14,0.07142857142857142,30,0.13333333333333333
schedule_slip_gt365,12,SOL|4732|FCO00CORP0000C,JR1YQYY6FDN1,7,0.14285714285714285,4,0.25
schedule_slip_gt365,12,SOL|4732|FCO00CORP0000C,JW7MLW3RRK34,6,0.0,5,0.0
schedule_slip_gt365,12,SOL|4732|FCO00CORP0000C,LMRMKLLL3LG5,3,0.0,8,0.0
schedule_slip_gt365,12,SOL|4732|FCO00CORP0000C,MCN6J5L6M3T4,3,0.0,8,0.0
schedule_slip_gt365,12,SOL|4732|FCO00CORP0000C,MEHNDWCSBKD5,3,0.0,4,0.25
schedule_slip_gt365,12,SOL|4732|FCO00CORP0000C,MMLKPW9JLX64,16,0.0,7,0.0
schedule_slip_gt365,12,SOL|4732|FCO00CORP0000C,MV81KCD2FRN5,3,0.0,6,0.3333333333333333
schedule_slip_gt365,12,SOL|4732|FCO00CORP0000C,N3PBJAVNKF61,4,0.25,3,0.0
schedule_slip_gt365,12,SOL|4732|FCO00CORP0000C,NKBFT21NR4F5,10,0.3,11,0.09090909090909091
schedule_slip_gt365,12,SOL|4732|FCO00CORP0000C,NVUWAFWQ57S5,12,0.08333333333333333,19,0.21052631578947367
schedule_slip_gt365,12,SOL|4732|FCO00CORP0000C,Q9LAZK8AELW8,6,0.0,5,0.6
schedule_slip_gt365,12,SOL|4732|FCO00CORP0000C,QBY7KHBKL6E7,7,0.14285714285714285,4,0.0
schedule_slip_gt365,12,SOL|4732|FCO00CORP0000C,QHBLBNKKV4U3,31,0.06451612903225806,26,0.11538461538461539
schedule_slip_gt365,12,SOL|4732|FCO00CORP0000C,QKVWLDNE82D4,4,0.0,5,0.0
schedule_slip_gt365,12,SOL|4732|FCO00CORP0000C,SMNWM6HN79X5,16,0.0,6,0.0
schedule_slip_gt365,12,SOL|4732|FCO00CORP0000C,SMRMCY16TLL8,5,0.2,6,0.3333333333333333
schedule_slip_gt365,12,SOL|4732|FCO00CORP0000C,UC4BPA3LC4J6,7,0.14285714285714285,16,0.0
schedule_slip_gt365,12,SOL|4732|FCO00CORP0000C,VNYCX36AJ4M7,5,0.0,6,0.0
schedule_slip_gt365,12,SOL|4732|FCO00CORP0000C,XLL3UPBT4MW6,5,0.0,3,0.0
schedule_slip_gt365,12,SOL|4732|FCO00CORP0000C,XYB4JU4PA6T4,3,0.0,7,0.14285714285714285
schedule_slip_gt365,12,SOL|4732|FCO00CORP0000C,YY5AEJLL8335,3,0.0,3,0.0
schedule_slip_gt365,12,SOL|4732|FCXBF4020002B,DNWVTJLMP5N3,4,0.0,9,0.1111111111111111
schedule_slip_gt365,12,SOL|4732|FFAHC2990235B,EGJMS6AZ6NL8,3,0.0,29,0.0
schedule_slip_gt365,12,SOL|4732|FFAHC2990235B,EKJ1YDSCLMH1,4,0.0,6,0.0
schedule_slip_gt365,12,SOL|4732|FFAHC2990235B,G2NEVSFVF3Y5,37,0.0,5,0.0
schedule_slip_gt365,12,SOL|4732|FFAHC2990235B,L3P3MXXX2W59,13,0.0,48,0.0
schedule_slip_gt365,12,SOL|4732|FFAHC2990235B,PMMKCB8KX546,5,0.0,22,0.0
schedule_slip_gt365,12,SOL|4732|FFAHC2990235B,WKRTQ8N36853,12,0.0,9,0.0
schedule_slip_gt365,12,SOL|4732|FFAHC2990235B,YAL2J8H4M3M1,4,0.0,4,0.0
schedule_slip_gt365,12,SOL|4732|GS00Q13DR0001,CKV2L9GZKJK3,13,0.07692307692307693,45,0.2222222222222222
schedule_slip_gt365,12,SOL|4732|GS00Q13DR0001,DJUCEANK2KP4,4,0.0,10,0.1
schedule_slip_gt365,12,SOL|4732|GS00Q13DR0001,F125YU6SWK59,10,0.0,8,0.25
schedule_slip_gt365,12,SOL|4732|GS00Q13DR0001,FAK7LNGRNAN5,4,0.25,7,0.0
schedule_slip_gt365,12,SOL|4732|GS00Q13DR0001,FEJJGETNAP31,5,0.0,3,0.0
schedule_slip_gt365,12,SOL|4732|GS00Q13DR0001,G5H7HWC4L2R5,4,0.25,6,0.0
schedule_slip_gt365,12,SOL|4732|GS00Q13DR0001,H2RGSKWXKHQ5,5,0.0,9,0.1111111111111111
schedule_slip_gt365,12,SOL|4732|GS00Q13DR0001,HHT6NC9UT8Z5,4,0.25,7,0.0
schedule_slip_gt365,12,SOL|4732|GS00Q13DR0001,JCBMLGPE6Z71,36,0.0,39,0.15384615384615385
schedule_slip_gt365,12,SOL|4732|GS00Q13DR0001,JG1JX6NL39U7,5,0.2,6,0.0
schedule_slip_gt365,12,SOL|4732|GS00Q13DR0001,JY2BDT2K58Z6,5,0.2,4,0.25
schedule_slip_gt365,12,SOL|4732|GS00Q13DR0001,KNW6WWRKELJ3,3,0.0,3,0.3333333333333333
schedule_slip_gt365,12,SOL|4732|GS00Q13DR0001,LMRMKLLL3LG5,7,0.0,14,0.07142857142857142
schedule_slip_gt365,12,SOL|4732|GS00Q13DR0001,LTMGBJ76B9D8,3,0.6666666666666666,9,0.1111111111111111
schedule_slip_gt365,12,SOL|4732|GS00Q13DR0001,MDSWM6MB1BH7,20,0.05,22,0.18181818181818182
schedule_slip_gt365,12,SOL|4732|GS00Q13DR0001,MMLKPW9JLX64,6,0.0,15,0.2
schedule_slip_gt365,12,SOL|4732|GS00Q13DR0001,NMBCAG1JBKL7,5,0.4,11,0.09090909090909091
schedule_slip_gt365,12,SOL|4732|GS00Q13DR0001,PB11V1KH3KV4,3,0.0,6,0.0
schedule_slip_gt365,12,SOL|4732|GS00Q13DR0001,QHBLBNKKV4U3,11,0.0,20,0.05
schedule_slip_gt365,12,SOL|4732|GS00Q13DR0001,SMNWM6HN79X5,14,0.0,16,0.125
schedule_slip_gt365,12,SOL|4732|GS00Q13DR0001,UC4BPA3LC4J6,4,0.25,3,0.3333333333333333
schedule_slip_gt365,12,SOL|4732|GS00Q13DR0002,EAKGFFY6KZV3,9,0.1111111111111111,5,0.2
schedule_slip_gt365,12,SOL|4732|GS00Q13DR0002,FNKXRJDWJAD1,46,0.06521739130434782,3,0.0
schedule_slip_gt365,12,SOL|4732|GS00Q13DR0002,FZNCSKF4X6D9,22,0.13636363636363635,7,0.14285714285714285
schedule_slip_gt365,12,SOL|4732|GS00Q13DR0002,G2W1NL736LE8,8,0.0,8,0.0
schedule_slip_gt365,12,SOL|4732|GS00Q13DR0002,GUXLUYETMM48,9,0.0,12,0.08333333333333333
schedule_slip_gt365,12,SOL|4732|GS00Q13DR0002,J7H2GBCDCLY6,5,0.2,4,0.0
schedule_slip_gt365,12,SOL|4732|GS00Q13DR0002,KA1KEJ7MNSY1,3,0.0,5,0.4
schedule_slip_gt365,12,SOL|4732|GS00Q13DR0002,KC9TJYEW3KC4,9,0.1111111111111111,6,0.0
schedule_slip_gt365,12,SOL|4732|GS00Q13DR0002,KY9MEJBMKRJ1,9,0.1111111111111111,8,0.375
schedule_slip_gt365,12,SOL|4732|GS00Q13DR0002,LSAXQ3NVXC77,13,0.07692307692307693,4,0.0
schedule_slip_gt365,12,SOL|4732|GS00Q13DR0002,N53NQ8HY6P54,27,0.0,3,0.0
schedule_slip_gt365,12,SOL|4732|GS00Q13DR0002,P8P1LNPBERT1,7,0.14285714285714285,18,0.05555555555555555
schedule_slip_gt365,12,SOL|4732|GS00Q13DR0002,PQNNHF72NNM6,10,0.0,29,0.2413793103448276
schedule_slip_gt365,12,SOL|4732|GS00Q13DR0002,SFBZYVFXLK13,13,0.07692307692307693,4,0.25
schedule_slip_gt365,12,SOL|4732|GS00Q13DR0002,T4QLGX92KC66,6,0.16666666666666666,4,0.25
schedule_slip_gt365,12,SOL|4732|GS00Q13DR0002,UWNFUH254JN4,28,0.17857142857142858,3,0.3333333333333333
schedule_slip_gt365,12,SOL|4732|GS00Q13DR0002,W6ZWNL4GWP97,4,0.25,4,0.25
schedule_slip_gt365,12,SOL|4732|GS00Q13DR0002,WHH9LHLLN7L4,18,0.1111111111111111,13,0.15384615384615385
schedule_slip_gt365,12,SOL|4732|GS00Q13DR0002,XS3JCD2LPEV5,3,0.3333333333333333,6,0.16666666666666666
schedule_slip_gt365,12,SOL|4732|GS00Q13DR0002,XZK5LWWBFMY1,7,0.2857142857142857,7,0.2857142857142857
schedule_slip_gt365,12,SOL|4732|QTA0015MDA2001,C9HCJWLPZDQ3,8,0.125,4,0.0
schedule_slip_gt365,12,SOL|4732|QTA0015MDA2001,DKDMARTHRKD9,14,0.21428571428571427,3,0.0
schedule_slip_gt365,12,SOL|4732|QTA0015MDA2001,DXUYQDBKRLJ9,16,0.0625,3,0.0
schedule_slip_gt365,12,SOL|4732|QTA0015MDA2001,E7RRWZMHYG13,5,0.0,3,0.0
schedule_slip_gt365,12,SOL|4732|QTA0015MDA2001,F9J1SXHZH5A8,11,0.09090909090909091,6,0.0
schedule_slip_gt365,12,SOL|4732|QTA0015MDA2001,FUENZZ7CP922,12,0.25,8,0.0
schedule_slip_gt365,12,SOL|4732|QTA0015MDA2001,FZNCSKF4X6D9,8,0.0,3,0.0
schedule_slip_gt365,12,SOL|4732|QTA0015MDA2001,G8B8ZPBK96P2,5,0.0,3,0.0
schedule_slip_gt365,12,SOL|4732|QTA0015MDA2001,GFHQVAFQJ1B5,33,0.09090909090909091,8,0.125
schedule_slip_gt365,12,SOL|4732|QTA0015MDA2001,GNTMKVCN9CG4,26,0.11538461538461539,6,0.0
schedule_slip_gt365,12,SOL|4732|QTA0015MDA2001,HJP8JPSEC2G4,6,0.16666666666666666,5,0.0
schedule_slip_gt365,12,SOL|4732|QTA0015MDA2001,J78LMM9DG2G6,16,0.125,3,0.0
schedule_slip_gt365,12,SOL|4732|QTA0015MDA2001,JNFEJMSLMXW7,6,0.3333333333333333,6,0.0
schedule_slip_gt365,12,SOL|4732|QTA0015MDA2001,JT6KEKVGC7T5,3,0.0,4,0.0
schedule_slip_gt365,12,SOL|4732|QTA0015MDA2001,K4DUSJ2C1L19,8,0.0,6,0.0
schedule_slip_gt365,12,SOL|4732|QTA0015MDA2001,L1CETZZ5GBG3,6,0.0,3,0.0
schedule_slip_gt365,12,SOL|4732|QTA0015MDA2001,L73LKJ1JCVM7,4,0.0,4,0.0
schedule_slip_gt365,12,SOL|4732|QTA0015MDA2001,LU7GZQJBMLM8,17,0.11764705882352941,10,0.0
schedule_slip_gt365,12,SOL|4732|QTA0015MDA2001,MHWQGGBLE8L5,6,0.3333333333333333,3,0.0
schedule_slip_gt365,12,SOL|4732|QTA0015MDA2001,MXCNBCPZM7Z4,23,0.13043478260869565,4,0.0
schedule_slip_gt365,12,SOL|4732|QTA0015MDA2001,MXTJKYDAEDQ9,8,0.125,5,0.0
schedule_slip_gt365,12,SOL|4732|QTA0015MDA2001,N5S6QK42XJN1,14,0.0,3,0.0
schedule_slip_gt365,12,SOL|4732|QTA0015MDA2001,N6NNMLAUJNP5,10,0.1,3,0.0
schedule_slip_gt365,12,SOL|4732|QTA0015MDA2001,NNQZAS2TE6S5,6,0.16666666666666666,3,0.0
schedule_slip_gt365,12,SOL|4732|QTA0015MDA2001,NWHJUNND4N88,3,0.0,8,0.0
schedule_slip_gt365,12,SOL|4732|QTA0015MDA2001,NXTBL1MCMY17,9,0.1111111111111111,4,0.0
schedule_slip_gt365,12,SOL|4732|QTA0015MDA2001,P224XEQTK9N3,9,0.0,3,0.0
schedule_slip_gt365,12,SOL|4732|QTA0015MDA2001,PZ3GFYW2Q7P1,19,0.0,8,0.0
schedule_slip_gt365,12,SOL|4732|QTA0015MDA2001,QGLKHDNEX3R5,19,0.0,8,0.0
schedule_slip_gt365,12,SOL|4732|QTA0015MDA2001,SMG1HZHVGEU8,6,0.0,4,0.25
schedule_slip_gt365,12,SOL|4732|QTA0015MDA2001,SZEHJV7MN8V1,8,0.0,4,0.0
schedule_slip_gt365,12,SOL|4732|QTA0015MDA2001,TR9LGD6MHDT9,18,0.05555555555555555,3,0.0
schedule_slip_gt365,12,SOL|4732|QTA0015MDA2001,U3QWA5LCAJ97,9,0.1111111111111111,4,0.0
schedule_slip_gt365,12,SOL|4732|QTA0015MDA2001,U7QGJ84HBNA7,5,0.0,6,0.0
schedule_slip_gt365,12,SOL|4732|QTA0015MDA2001,VJDCALPAA628,5,0.0,3,0.0
schedule_slip_gt365,12,SOL|4732|QTA0015MDA2001,VZZDQJ565K65,29,0.06896551724137931,5,0.0
schedule_slip_gt365,12,SOL|4732|QTA0015MDA2001,XMTHGDNB3QU5,12,0.08333333333333333,18,0.0
schedule_slip_gt365,12,SOL|4732|QTA0015MDA2001,YLHCLQCME3M7,3,0.0,3,0.0
schedule_slip_gt365,12,SOL|4732|QTA0015MDA2001,YQAXWJ2T7JS7,7,0.0,6,0.0
schedule_slip_gt365,12,SOL|4732|QTA0015MDA2001,YT1QJBHRM6D5,6,0.0,4,0.0
schedule_slip_gt365,12,SOL|4732|QTA0015MDA2001,YTF2AEMKU5V6,4,0.0,3,0.0
schedule_slip_gt365,12,SOL|4732|QTA0015MDA2001,ZW24WXQ92VF9,8,0.0,3,0.0
schedule_slip_gt365,12,SOL|4732|TFTPEW990899B,LLZKJ9N8GB18,3,0.0,6,0.0
schedule_slip_gt365,12,SOL|4732|TFTPEW990899B,MNMMZXMQT873,3,0.0,3,0.0
schedule_slip_gt365,12,SOL|4732|TFTPMC000874B,GMAUZS5J44M5,4,0.25,4,0.0
schedule_slip_gt365,12,SOL|4732|TFTPMC000874B,S6E3F7X6ACA4,8,0.0,5,0.0
schedule_slip_gt365,12,SOL|4732|TFTPMC000874B,TMM8ZFBXP4V2,4,0.0,3,0.0
schedule_slip_gt365,12,SOL|4732|TFTPMC000874B,TYUDDMJLNNT1,5,0.0,14,0.0
schedule_slip_gt365,12,SOL|4732|TFTPMC990871B,HA5TVYB3QE98,23,0.0,16,0.0625
schedule_slip_gt365,12,SOL|4732|TFTPMC990871B,MN4QKVWLVGF5,5,0.0,4,0.0
schedule_slip_gt365,12,SOL|4740|GS07P15HHD0002,HCXGD55NNBA3,7,0.0,5,0.0
schedule_slip_gt365,12,SOL|4740|GS07P15HHD0002,MTSTLAA4RG35,8,0.0,4,0.0
schedule_slip_gt365,12,SOL|4740|GS07P15HHD0002,QP8VNJ36KNY4,12,0.0,4,0.0
schedule_slip_gt365,12,SOL|7001|HSHQDC12R00005,CYX7XBK19BU4,80,0.0125,60,0.0
schedule_slip_gt365,12,SOL|7001|HSHQDC12R00005,DPQEDJ6CXZM5,158,0.012658227848101266,123,0.008130081300813009
schedule_slip_gt365,12,SOL|7001|HSHQDC12R00005,E7RRWZMHYG13,95,0.05263157894736842,51,0.0
schedule_slip_gt365,12,SOL|7001|HSHQDC12R00005,EKKWWBTNLLL5,30,0.0,32,0.0
schedule_slip_gt365,12,SOL|7001|HSHQDC12R00005,FUENZZ7CP922,21,0.047619047619047616,23,0.0
schedule_slip_gt365,12,SOL|7001|HSHQDC12R00005,H1KHJPJH9R51,29,0.10344827586206896,23,0.043478260869565216
schedule_slip_gt365,12,SOL|7001|HSHQDC12R00005,MDC5LDZKQAM4,59,0.03389830508474576,65,0.0
schedule_slip_gt365,12,SOL|7001|HSHQDC12R00005,TK17ZGD5YNA9,21,0.047619047619047616,5,0.0
schedule_slip_gt365,12,SOL|7001|HSHQDC12R00005,UER4AJLUB8D5,54,0.05555555555555555,97,0.010309278350515464
schedule_slip_gt365,12,SOL|7001|HSHQDC12R00005,Y928UVG75CT6,31,0.03225806451612903,14,0.0
schedule_slip_gt365,12,SOL|7529|NIHJT2010001,C47BNA8GM833,10,0.1,4,0.0
schedule_slip_gt365,12,SOL|7529|NIHJT2010001,CKV2L9GZKJK3,41,0.0975609756097561,29,0.13793103448275862
schedule_slip_gt365,12,SOL|7529|NIHJT2010001,JCBMLGPE6Z71,18,0.1111111111111111,11,0.18181818181818182
schedule_slip_gt365,12,SOL|7529|NIHJT2010001,JG1JX6NL39U7,3,0.3333333333333333,10,0.0
schedule_slip_gt365,12,SOL|7529|NIHJT2010001,MMLKPW9JLX64,3,0.3333333333333333,3,0.0
schedule_slip_gt365,12,SOL|7529|NIHJT2010001,NYM8TAUFLXP3,32,0.15625,3,0.0
schedule_slip_gt365,12,SOL|7529|NIHJT2010001,QHBLBNKKV4U3,21,0.047619047619047616,13,0.3076923076923077
schedule_slip_gt365,12,SOL|7529|NIHJT2010001,SMNWM6HN79X5,9,0.0,20,0.1
schedule_slip_gt365,12,SOL|7529|NIHJT2010001,VV9KH3L99VE3,10,0.0,3,0.0
schedule_slip_gt365,12,SOL|7529|NIHJT2010001,XYB4JU4PA6T4,5,0.4,4,0.25
schedule_slip_gt365,12,SOL|7529|NIHJT2010001,ZBPQEJVECCT4,3,0.3333333333333333,7,0.0
schedule_slip_gt365,12,SOL|7529|NIHJT2010002,DRUNBSXBERD5,6,0.16666666666666666,7,0.2857142857142857
schedule_slip_gt365,12,SOL|7529|NIHJT2010002,EMACGJ3EEAT5,12,0.0,4,0.25
schedule_slip_gt365,12,SOL|7529|NIHJT2010002,FP58S2EENN34,8,0.375,16,0.1875
schedule_slip_gt365,12,SOL|7529|NIHJT2010002,GFM3CRFKMQN1,6,0.0,4,0.25
schedule_slip_gt365,12,SOL|7529|NIHJT2010002,GMLCLKXPK8S3,13,0.0,8,0.25
schedule_slip_gt365,12,SOL|7529|NIHJT2010002,HCBJCK2G9EM1,4,0.25,7,0.42857142857142855
schedule_slip_gt365,12,SOL|7529|NIHJT2010002,HG5EUM78L3Y9,4,0.0,6,0.16666666666666666
schedule_slip_gt365,12,SOL|7529|NIHJT2010002,JSL9E59CT6J9,12,0.0,8,0.5
schedule_slip_gt365,12,SOL|7529|NIHJT2010002,KQUHZMCJGUC5,6,0.0,5,0.2
schedule_slip_gt365,12,SOL|7529|NIHJT2010002,L6R3M86AFBB5,14,0.14285714285714285,10,0.0
schedule_slip_gt365,12,SOL|7529|NIHJT2010002,L73LKJ1JCVM7,16,0.0,5,0.2
schedule_slip_gt365,12,SOL|7529|NIHJT2010002,LN6PCDTT73L1,9,0.2222222222222222,4,0.25
schedule_slip_gt365,12,SOL|7529|NIHJT2010002,LYMKSJG6DLQ5,3,0.0,7,0.14285714285714285
schedule_slip_gt365,12,SOL|7529|NIHJT2010002,NNQZAS2TE6S5,3,0.0,3,0.3333333333333333
schedule_slip_gt365,12,SOL|7529|NIHJT2010002,NUSGPXRUVS54,8,0.5,8,0.25
schedule_slip_gt365,12,SOL|7529|NIHJT2010002,PFSLMY1VAK71,3,0.0,7,0.14285714285714285
schedule_slip_gt365,12,SOL|7529|NIHJT2010002,QKC5FQ63F7Z4,12,0.25,7,0.2857142857142857
schedule_slip_gt365,12,SOL|7529|NIHJT2010002,RVPLTBKK5287,16,0.1875,5,0.4
schedule_slip_gt365,12,SOL|7529|NIHJT2010002,RYMXZHTX4WP3,28,0.14285714285714285,4,0.0
schedule_slip_gt365,12,SOL|7529|NIHJT2010002,SELVLQN46MM7,5,0.2,7,0.0
schedule_slip_gt365,12,SOL|7529|NIHJT2010002,ULHMANN9V8A5,5,0.4,7,0.42857142857142855
schedule_slip_gt365,12,SOL|7529|NIHJT2010002,V3PRA3SJCZL3,4,0.0,3,0.0
schedule_slip_gt365,12,SOL|7529|NIHJT2014002,CGE8ABMZLZN9,9,0.0,9,0.0
schedule_slip_gt365,12,SOL|7529|NIHJT2014002,CGTPPXXEB987,20,0.0,22,0.045454545454545456
schedule_slip_gt365,12,SOL|7529|NIHJT2014002,CL69E7KATK59,4,0.0,6,0.0
schedule_slip_gt365,12,SOL|7529|NIHJT2014002,CN4KSKX2UQY5,11,0.0,11,0.0
schedule_slip_gt365,12,SOL|7529|NIHJT2014002,CYX7XBK19BU4,11,0.0,18,0.16666666666666666
schedule_slip_gt365,12,SOL|7529|NIHJT2014002,DJACUETFQUL8,18,0.0,23,0.08695652173913043
schedule_slip_gt365,12,SOL|7529|NIHJT2014002,DMERLBE3JR53,5,0.0,6,0.0
schedule_slip_gt365,12,SOL|7529|NIHJT2014002,DPQEDJ6CXZM5,9,0.0,15,0.0
schedule_slip_gt365,12,SOL|7529|NIHJT2014002,H1KHJPJH9R51,11,0.09090909090909091,79,0.10126582278481013
schedule_slip_gt365,12,SOL|7529|NIHJT2014002,JEANDJTZ8HJ3,24,0.0,28,0.0
schedule_slip_gt365,12,SOL|7529|NIHJT2014002,JMVMGGNJGA29,6,0.16666666666666666,6,0.0
schedule_slip_gt365,12,SOL|7529|NIHJT2014002,JT4PZH4BX5T9,16,0.0625,15,0.2
schedule_slip_gt365,12,SOL|7529|NIHJT2014002,LJZRP7SE5LN4,8,0.0,7,0.0
schedule_slip_gt365,12,SOL|7529|NIHJT2014002,M46UYYHVH4B1,7,0.0,6,0.0
schedule_slip_gt365,12,SOL|7529|NIHJT2014002,MDC5LDZKQAM4,12,0.0,10,0.0
schedule_slip_gt365,12,SOL|7529|NIHJT2014002,MMLDQGHYB354,9,0.0,3,0.0
schedule_slip_gt365,12,SOL|7529|NIHJT2014002,MSSQQ551LG41,5,0.0,6,0.16666666666666666
schedule_slip_gt365,12,SOL|7529|NIHJT2014002,PG4AHPP8MDN6,4,0.0,8,0.0
schedule_slip_gt365,12,SOL|7529|NIHJT2014002,PHZDZ8SJ5CM1,27,0.1111111111111111,19,0.05263157894736842
schedule_slip_gt365,12,SOL|7529|NIHJT2014002,Q2M4FYALZJ89,9,0.0,3,0.0
schedule_slip_gt365,12,SOL|7529|NIHJT2014002,R98MW4ZKUUK3,6,0.0,4,0.0
schedule_slip_gt365,12,SOL|7529|NIHJT2014002,T13YR5E14QY7,3,0.0,4,0.0
schedule_slip_gt365,12,SOL|7529|NIHJT2014002,TC3NF4XRLGV7,4,0.0,7,0.14285714285714285
schedule_slip_gt365,12,SOL|7529|NIHJT2014002,UMBBK5L3B8A3,8,0.0,10,0.0
schedule_slip_gt365,12,SOL|7529|NIHJT2014002,WDNQMYKXBTV5,9,0.0,21,0.0
schedule_slip_gt365,12,SOL|7529|NIHJT2014002,XK11LLUL61A7,26,0.0,46,0.15217391304347827
schedule_slip_gt365,12,SOL|7529|NIHJT2014002,Y928UVG75CT6,12,0.08333333333333333,10,0.1
schedule_slip_gt365,12,SOL|7529|NIHJT2014002,YZTLALWM4UC7,67,0.0,24,0.041666666666666664
schedule_slip_gt365,12,SOL|7529|NIHJT2014002,Z78DJNKYJ2K5,7,0.14285714285714285,4,0.0
schedule_slip_gt365,12,SOL|7529|NIHJT2014002,ZF2JKBE7K285,23,0.0,17,0.0
schedule_slip_gt365,12,SOL|8000|NNG13451284R,C8VFSNKTMQB6,129,0.031007751937984496,217,0.03225806451612903
schedule_slip_gt365,12,SOL|8000|NNG13451284R,CA6PTFD9GKK3,47,0.02127659574468085,48,0.041666666666666664
schedule_slip_gt365,12,SOL|8000|NNG13451284R,CEFCD41CLDJ8,4,0.0,4,0.25
schedule_slip_gt365,12,SOL|8000|NNG13451284R,CGE8ABMZLZN9,53,0.0,296,0.037162162162162164
schedule_slip_gt365,12,SOL|8000|NNG13451284R,CL69E7KATK59,12,0.0,10,0.3
schedule_slip_gt365,12,SOL|8000|NNG13451284R,CN4KSKX2UQY5,84,0.023809523809523808,223,0.04484304932735426
schedule_slip_gt365,12,SOL|8000|NNG13451284R,CYX7XBK19BU4,25,0.0,115,0.017391304347826087
schedule_slip_gt365,12,SOL|8000|NNG13451284R,DF1HR8L5BDB4,24,0.0,6,0.16666666666666666
schedule_slip_gt365,12,SOL|8000|NNG13451284R,DJACUETFQUL8,50,0.0,266,0.041353383458646614
schedule_slip_gt365,12,SOL|8000|NNG13451284R,DJJ8LJTNK156,24,0.041666666666666664,28,0.0
schedule_slip_gt365,12,SOL|8000|NNG13451284R,DMERLBE3JR53,18,0.0,58,0.08620689655172414
schedule_slip_gt365,12,SOL|8000|NNG13451284R,DT8KJHZXVJH5,104,0.038461538461538464,204,0.05392156862745098
schedule_slip_gt365,12,SOL|8000|NNG13451284R,DXUYQDBKRLJ9,13,0.0,8,0.0
schedule_slip_gt365,12,SOL|8000|NNG13451284R,E7RRWZMHYG13,26,0.0,35,0.02857142857142857
schedule_slip_gt365,12,SOL|8000|NNG13451284R,EFAJMASTF3J7,3,0.3333333333333333,13,0.0
schedule_slip_gt365,12,SOL|8000|NNG13451284R,EK5HS5TQGC65,21,0.047619047619047616,5,0.0
schedule_slip_gt365,12,SOL|8000|NNG13451284R,EYHLE7YTGF55,10,0.0,8,0.0
schedule_slip_gt365,12,SOL|8000|NNG13451284R,F1N2KDGBDTU8,38,0.0,79,0.0759493670886076
schedule_slip_gt365,12,SOL|8000|NNG13451284R,F1UZPBD1VBH9,8,0.0,53,0.0
schedule_slip_gt365,12,SOL|8000|NNG13451284R,FBLCPD7ZATP5,18,0.0,3,0.0
schedule_slip_gt365,12,SOL|8000|NNG13451284R,FBRMCGPMN963,3,0.0,80,0.0625
schedule_slip_gt365,12,SOL|8000|NNG13451284R,FM2KJG6M5363,29,0.0,22,0.0
schedule_slip_gt365,12,SOL|8000|NNG13451284R,FPVJBR6CXML9,8,0.0,3,0.0
schedule_slip_gt365,12,SOL|8000|NNG13451284R,G2MAQCKH5DR1,12,0.0,53,0.05660377358490566
schedule_slip_gt365,12,SOL|8000|NNG13451284R,G4L6RJS94VP9,8,0.0,20,0.0
schedule_slip_gt365,12,SOL|8000|NNG13451284R,G8LCAVK5AVW7,40,0.025,84,0.023809523809523808
schedule_slip_gt365,12,SOL|8000|NNG13451284R,GDQLRDFJNRD3,15,0.0,6,0.0
schedule_slip_gt365,12,SOL|8000|NNG13451284R,GJJRGECWBFK9,9,0.1111111111111111,22,0.0
schedule_slip_gt365,12,SOL|8000|NNG13451284R,GK55J77VGN84,25,0.04,70,0.1
schedule_slip_gt365,12,SOL|8000|NNG13451284R,GLGWMH9BMP76,34,0.0,22,0.045454545454545456
schedule_slip_gt365,12,SOL|8000|NNG13451284R,H1KHJPJH9R51,179,0.05027932960893855,241,0.06639004149377593
schedule_slip_gt365,12,SOL|8000|NNG13451284R,HMXCQJ8ADNL7,6,0.16666666666666666,45,0.022222222222222223
schedule_slip_gt365,12,SOL|8000|NNG13451284R,J4KHM5JY79E3,91,0.07692307692307693,164,0.10365853658536585
schedule_slip_gt365,12,SOL|8000|NNG13451284R,J6EEK881G8H7,19,0.05263157894736842,18,0.0
schedule_slip_gt365,12,SOL|8000|NNG13451284R,J7FHDGM2HAM8,4,0.0,4,0.0
schedule_slip_gt365,12,SOL|8000|NNG13451284R,J84GXV5ZKJK9,5,0.0,38,0.02631578947368421
schedule_slip_gt365,12,SOL|8000|NNG13451284R,JD85DN2HY8K4,40,0.025,93,0.053763440860215055
schedule_slip_gt365,12,SOL|8000|NNG13451284R,JEANDJTZ8HJ3,272,0.029411764705882353,543,0.06077348066298342
schedule_slip_gt365,12,SOL|8000|NNG13451284R,JMVMGGNJGA29,11,0.0,22,0.0
schedule_slip_gt365,12,SOL|8000|NNG13451284R,JT4PZH4BX5T9,164,0.0,74,0.04054054054054054
schedule_slip_gt365,12,SOL|8000|NNG13451284R,K5TBNBLVG1F8,13,0.0,20,0.05
schedule_slip_gt365,12,SOL|8000|NNG13451284R,KPFHGJDW5115,3,0.0,15,0.0
schedule_slip_gt365,12,SOL|8000|NNG13451284R,KXNVNXMZMTD8,3,0.0,6,0.16666666666666666
schedule_slip_gt365,12,SOL|8000|NNG13451284R,L6REMB5VKLL9,60,0.05,48,0.020833333333333332
schedule_slip_gt365,12,SOL|8000|NNG13451284R,LB8JT7MNMYB5,20,0.0,87,0.022988505747126436
schedule_slip_gt365,12,SOL|8000|NNG13451284R,LD98S4LK2113,17,0.058823529411764705,22,0.045454545454545456
schedule_slip_gt365,12,SOL|8000|NNG13451284R,LG7SDLNKUQ27,8,0.0,16,0.1875
schedule_slip_gt365,12,SOL|8000|NNG13451284R,LJZRP7SE5LN4,41,0.024390243902439025,75,0.02666666666666667
schedule_slip_gt365,12,SOL|8000|NNG13451284R,LNL6A61J47V7,7,0.0,11,0.0
schedule_slip_gt365,12,SOL|8000|NNG13451284R,LQ48B9A9QJC8,41,0.04878048780487805,89,0.02247191011235955
schedule_slip_gt365,12,SOL|8000|NNG13451284R,M1N8E1S82YE5,3,0.0,3,0.0
schedule_slip_gt365,12,SOL|8000|NNG13451284R,M46UYYHVH4B1,126,0.03968253968253968,160,0.025
schedule_slip_gt365,12,SOL|8000|NNG13451284R,M7KUEGMEKNV4,33,0.06060606060606061,35,0.0
schedule_slip_gt365,12,SOL|8000|NNG13451284R,MDC5LDZKQAM4,17,0.0,3,0.0
schedule_slip_gt365,12,SOL|8000|NNG13451284R,MDTGPS4LMMR5,12,0.0,19,0.0
schedule_slip_gt365,12,SOL|8000|NNG13451284R,ME2HMU89JJP8,5,0.0,5,0.0
schedule_slip_gt365,12,SOL|8000|NNG13451284R,MFGMH9R7GMG3,54,0.0,58,0.0
schedule_slip_gt365,12,SOL|8000|NNG13451284R,MMLDQGHYB354,19,0.05263157894736842,30,0.0
schedule_slip_gt365,12,SOL|8000|NNG13451284R,N1C5QLNPJLS4,41,0.024390243902439025,44,0.022727272727272728
schedule_slip_gt365,12,SOL|8000|NNG13451284R,NKC2AB3ESFP5,6,0.0,105,0.05714285714285714
schedule_slip_gt365,12,SOL|8000|NNG13451284R,NNDATBHM7KY1,4,0.0,48,0.08333333333333333
schedule_slip_gt365,12,SOL|8000|NNG13451284R,NUNVJJM2UYY1,76,0.05263157894736842,200,0.04
schedule_slip_gt365,12,SOL|8000|NNG13451284R,PG4AHPP8MDN6,12,0.0,35,0.14285714285714285
schedule_slip_gt365,12,SOL|8000|NNG13451284R,PHZDZ8SJ5CM1,149,0.0,277,0.02888086642599278
schedule_slip_gt365,12,SOL|8000|NNG13451284R,PJ2BS3KYWKS5,3,0.0,61,0.11475409836065574
schedule_slip_gt365,12,SOL|8000|NNG13451284R,PK59JVQEPPL9,28,0.07142857142857142,20,0.05
schedule_slip_gt365,12,SOL|8000|NNG13451284R,Q2M4FYALZJ89,80,0.0,85,0.011764705882352941
schedule_slip_gt365,12,SOL|8000|NNG13451284R,QGAAEMCMJXQ7,18,0.05555555555555555,62,0.06451612903225806
schedule_slip_gt365,12,SOL|8000|NNG13451284R,R15MK4RSWRD3,8,0.0,61,0.03278688524590164
schedule_slip_gt365,12,SOL|8000|NNG13451284R,R98MW4ZKUUK3,128,0.03125,170,0.06470588235294118
schedule_slip_gt365,12,SOL|8000|NNG13451284R,RBZNNB53KMJ3,6,0.0,5,0.0
schedule_slip_gt365,12,SOL|8000|NNG13451284R,SE9UPFTEVQ36,9,0.0,18,0.0
schedule_slip_gt365,12,SOL|8000|NNG13451284R,SNZJXFT7F2F8,5,0.0,16,0.0
schedule_slip_gt365,12,SOL|8000|NNG13451284R,T8BVM29MEWU5,51,0.0392156862745098,36,0.05555555555555555
schedule_slip_gt365,12,SOL|8000|NNG13451284R,TQ2KDQLRL8F1,15,0.0,132,0.030303030303030304
schedule_slip_gt365,12,SOL|8000|NNG13451284R,TTVMGAH4M441,9,0.2222222222222222,3,0.0
schedule_slip_gt365,12,SOL|8000|NNG13451284R,U8H9F5MLU957,51,0.0392156862745098,91,0.03296703296703297
schedule_slip_gt365,12,SOL|8000|NNG13451284R,UCM7WPGJBZ67,34,0.029411764705882353,32,0.03125
schedule_slip_gt365,12,SOL|8000|NNG13451284R,UER4AJLUB8D5,247,0.032388663967611336,538,0.05762081784386617
schedule_slip_gt365,12,SOL|8000|NNG13451284R,UYLVJZ49BFC6,37,0.08108108108108109,54,0.07407407407407407
schedule_slip_gt365,12,SOL|8000|NNG13451284R,VF7NYEKB4UQ5,31,0.0,9,0.0
schedule_slip_gt365,12,SOL|8000|NNG13451284R,VV9KH3L99VE3,24,0.041666666666666664,9,0.1111111111111111
schedule_slip_gt365,12,SOL|8000|NNG13451284R,WH8LLL6HAX95,7,0.0,35,0.05714285714285714
schedule_slip_gt365,12,SOL|8000|NNG13451284R,WL9HGM6PCK53,11,0.0,38,0.07894736842105263
schedule_slip_gt365,12,SOL|8000|NNG13451284R,WN8JFVZTBCA5,103,0.019417475728155338,206,0.0825242718446602
schedule_slip_gt365,12,SOL|8000|NNG13451284R,X1JJYEW4HAN9,65,0.03076923076923077,207,0.09178743961352658
schedule_slip_gt365,12,SOL|8000|NNG13451284R,X76KEVV61AM9,8,0.0,22,0.045454545454545456
schedule_slip_gt365,12,SOL|8000|NNG13451284R,XK11LLUL61A7,98,0.02040816326530612,518,0.032818532818532815
schedule_slip_gt365,12,SOL|8000|NNG13451284R,XVNBJ1QJY5N4,20,0.0,62,0.016129032258064516
schedule_slip_gt365,12,SOL|8000|NNG13451284R,Y1J2B8WV2VC5,18,0.05555555555555555,11,0.0
schedule_slip_gt365,12,SOL|8000|NNG13451284R,Y928UVG75CT6,267,0.04868913857677903,211,0.08056872037914692
schedule_slip_gt365,12,SOL|8000|NNG13451284R,YRWSNBVVBK25,38,0.0,39,0.05128205128205128
schedule_slip_gt365,12,SOL|8000|NNG13451284R,YZTLALWM4UC7,142,0.007042253521126761,309,0.019417475728155338
schedule_slip_gt365,12,SOL|8000|NNG13451284R,Z78DJNKYJ2K5,46,0.043478260869565216,144,0.05555555555555555
schedule_slip_gt365,12,SOL|8000|NNG13451284R,ZP9UC8X53NG7,41,0.024390243902439025,38,0.0
schedule_slip_gt365,12,SOL|9700|FA251713R5000,G7ZNAUKZQPH1,55,0.0,11,0.0
schedule_slip_gt365,12,SOL|9700|FA251713R5000,QS67VVM4L7N8,77,0.012987012987012988,12,0.0
schedule_slip_gt365,12,SOL|9700|FA251713R5000,SJKJDZQ29RB9,44,0.0,11,0.0
schedule_slip_gt365,12,SOL|9700|FA489014R0023,FAQYB9J9EA36,5,0.0,4,0.0
schedule_slip_gt365,12,SOL|9700|FA489014R0023,G3KDCDK8JJU8,5,0.2,6,0.0
schedule_slip_gt365,12,SOL|9700|FA489014R0023,GJMSFBCNMSK3,5,0.0,11,0.09090909090909091
schedule_slip_gt365,12,SOL|9700|FA489014R0023,H31LLJD21UR8,5,0.0,9,0.0
schedule_slip_gt365,12,SOL|9700|FA520515R0006,EWW4DE59KQT8,9,0.0,5,0.0
schedule_slip_gt365,12,SOL|9700|FA520515R0006,R1RBFM74NWJ3,3,0.0,3,0.0
schedule_slip_gt365,12,SOL|9700|FA520515R0006,S4GXNFVLCLR6,4,0.0,4,0.0
schedule_slip_gt365,12,SOL|9700|FA520911R0004,DHMYJQVJ5M76,11,0.0,7,0.0
schedule_slip_gt365,12,SOL|9700|FA520911R0004,Q63JSLJ37C99,16,0.0,6,0.0
schedule_slip_gt365,12,SOL|9700|FA520911R0004,S9KMBHY2S339,4,0.0,3,0.0
schedule_slip_gt365,12,SOL|9700|FA527014R0019,E3VJEL49HJR7,11,0.0,3,0.0
schedule_slip_gt365,12,SOL|9700|FA527014R0019,M336EV5K3YZ3,11,0.0,11,0.0
schedule_slip_gt365,12,SOL|9700|FA805614R0001,EFAZKS7REKN8,4,0.0,7,0.0
schedule_slip_gt365,12,SOL|9700|FA805614R0001,H29XRCGD5NE3,9,0.0,3,0.0
schedule_slip_gt365,12,SOL|9700|FA805614R0001,MLMVEKLJ7K28,14,0.0,8,0.0
schedule_slip_gt365,12,SOL|9700|FA805614R0001,TZ1MMMCZ1NL8,4,0.0,3,0.0
schedule_slip_gt365,12,SOL|9700|FA810814R0001,HDFLNVD97EJ3,4,0.0,21,0.09523809523809523
schedule_slip_gt365,12,SOL|9700|FA810814R0001,NHQJPMYJEVJ9,3,0.0,14,0.21428571428571427
schedule_slip_gt365,12,SOL|9700|FA810814R0001,QEMLRQA7PLG4,3,0.3333333333333333,5,0.2
schedule_slip_gt365,12,SOL|9700|FA810814R0001,ZRJLSH4K9NL3,14,0.0,10,0.1
schedule_slip_gt365,12,SOL|9700|FA877108R0016,MDC5LDZKQAM4,64,0.03125,5,0.0
schedule_slip_gt365,12,SOL|9700|FA877108R0016,YZTLALWM4UC7,293,0.023890784982935155,5,0.0
schedule_slip_gt365,12,SOL|9700|FA890315R0038,EKCVZLXL4MA8,15,0.0,3,0.0
schedule_slip_gt365,12,SOL|9700|FA890315R0038,EPUXNLX5EYC4,20,0.0,3,0.0
schedule_slip_gt365,12,SOL|9700|FA890315R0038,FLXMPYUHUL84,3,0.0,4,0.75
schedule_slip_gt365,12,SOL|9700|FA890315R0038,MVAHULMXDAG5,5,0.0,3,0.0
schedule_slip_gt365,12,SOL|9700|FA890315R0038,QHCNKN8YJWK5,5,0.0,4,0.0
schedule_slip_gt365,12,SOL|9700|FA890315R0049,EKCVZLXL4MA8,4,0.0,4,0.25
schedule_slip_gt365,12,SOL|9700|FA890315R0049,LMRMKLLL3LG5,8,0.0,3,0.0
schedule_slip_gt365,12,SOL|9700|FA890315R0049,SXPWLPBK75A1,12,0.16666666666666666,6,0.0
schedule_slip_gt365,12,SOL|9700|H9222214R0021,D1KBN9K8LXU5,6,0.0,7,0.0
schedule_slip_gt365,12,SOL|9700|H9222214R0021,L5LMQSN59YE5,16,0.0,20,0.05
schedule_slip_gt365,12,SOL|9700|H9222214R0021,VBQ8BKTK2Q81,8,0.0,9,0.0
schedule_slip_gt365,12,SOL|9700|H9222214R0021,VBTMFKKBQCW8,4,0.0,5,0.0
schedule_slip_gt365,12,SOL|9700|H9222215R0010,CGRHEEDJGMH7,37,0.05405405405405406,5,0.0
schedule_slip_gt365,12,SOL|9700|H9222215R0010,KTMAJCY6JXM3,6,0.0,29,0.0
schedule_slip_gt365,12,SOL|9700|H9222215R0010,WMGWBP48N1F5,15,0.0,5,0.0
schedule_slip_gt365,12,SOL|9700|HDTRA112R0016,LTMGBJ76B9D8,19,0.21052631578947367,16,0.0
schedule_slip_gt365,12,SOL|9700|HQ072715R0001,F9AVUZ8YBGQ6,8,0.0,13,0.07692307692307693
schedule_slip_gt365,12,SOL|9700|HQ072715R0001,GUVUU89P78Q3,27,0.0,54,0.0
schedule_slip_gt365,12,SOL|9700|HQ072715R0001,HJP4JZG1FUL9,7,0.0,12,0.0
schedule_slip_gt365,12,SOL|9700|HQ072715R0001,QF4VA87ST9F7,43,0.0,86,0.011627906976744186
schedule_slip_gt365,12,SOL|9700|HTC71115RW002,CYKLKH72LLJ5,6,0.0,9,0.0
schedule_slip_gt365,12,SOL|9700|HTC71115RW002,DM7SBCA4KPA8,6,0.0,4,0.0
schedule_slip_gt365,12,SOL|9700|HTC71115RW002,E72DMVYSLFN6,6,0.0,13,0.0
schedule_slip_gt365,12,SOL|9700|HTC71115RW002,EDN5GKZMTAZ9,6,0.0,15,0.0
schedule_slip_gt365,12,SOL|9700|HTC71115RW002,EJ75ZKJHF385,6,0.0,4,0.0
schedule_slip_gt365,12,SOL|9700|HTC71115RW002,L677Q1U5T8B5,5,0.0,3,0.0
schedule_slip_gt365,12,SOL|9700|HTC71115RW002,YZ7JDRJMLJH8,6,0.0,6,0.0
schedule_slip_gt365,12,SOL|9700|HTC71115RW002,ZBFQB8SDHTN9,6,0.0,24,0.0
schedule_slip_gt365,12,SOL|9700|N0002415R4405,J1FCJLK5LGU5,10,0.0,6,0.0
schedule_slip_gt365,12,SOL|9700|N0002415R4405,VAMTZAN2JJ61,32,0.0,20,0.05
schedule_slip_gt365,12,SOL|9700|N0003910R0001,CHKKPGHNUYX1,217,0.02304147465437788,7,0.0
schedule_slip_gt365,12,SOL|9700|N0003910R0001,DKJ1R5ABCN48,166,0.024096385542168676,4,0.0
schedule_slip_gt365,12,SOL|9700|N0003913R0013,DKJ1R5ABCN48,9,0.0,15,0.0
schedule_slip_gt365,12,SOL|9700|N0003913R0013,JLREE96WGKM5,9,0.0,5,0.0
schedule_slip_gt365,12,SOL|9700|N4008415R0100,MENXWTPNH9N5,5,0.0,3,0.0
schedule_slip_gt365,12,SOL|9700|N4008415R0100,Q63JSLJ37C99,15,0.0,3,0.0
schedule_slip_gt365,12,SOL|9700|N5523615R0008,FBN7NTJMMP93,6,0.0,4,0.0
schedule_slip_gt365,12,SOL|9700|N5523615R0008,JH3HEXTB3N33,22,0.0,14,0.0
schedule_slip_gt365,12,SOL|9700|N5523615R0008,MYJHF1S2HGV5,5,0.0,3,0.0
schedule_slip_gt365,12,SOL|9700|N5523615R0008,QHM2NNGBMQR3,11,0.0,8,0.0
schedule_slip_gt365,12,SOL|9700|N6247813R4010,EEWLLJUH4SC9,10,0.0,6,0.0
schedule_slip_gt365,12,SOL|9700|N6247813R4010,TG2JXYAX6Y75,16,0.0,10,0.0
schedule_slip_gt365,12,SOL|9700|N6247815R4029,GB34Z8NBMBJ6,8,0.0,4,0.0
schedule_slip_gt365,12,SOL|9700|N6247815R4029,HQHCMZPXEDE7,4,0.0,3,0.0
schedule_slip_gt365,12,SOL|9700|N6247815R4029,NU89LML1BE96,4,0.0,3,0.0
schedule_slip_gt365,12,SOL|9700|N6523613R0016,CGE8ABMZLZN9,11,0.0,42,0.0
schedule_slip_gt365,12,SOL|9700|N6523613R0016,FAK7LNGRNAN5,14,0.0,8,0.0
schedule_slip_gt365,12,SOL|9700|N6523613R0016,MMLDQGHYB354,5,0.0,5,0.0
schedule_slip_gt365,12,SOL|9700|N6523613R0016,XK11LLUL61A7,18,0.0,15,0.0
schedule_slip_gt365,12,SOL|9700|N6523613R0016,YZTLALWM4UC7,3,0.0,13,0.0
schedule_slip_gt365,12,SOL|9700|N6554012R0018,N62LME8FBJL6,27,0.18518518518518517,8,0.0
schedule_slip_gt365,12,SOL|9700|N6554012R0018,ZTAFBECM35Z6,71,0.04225352112676056,17,0.0
schedule_slip_gt365,12,SOL|9700|N6554013R0052,KF3NGNBNQ271,20,0.0,9,0.0
schedule_slip_gt365,12,SOL|9700|N6554013R0052,N62LME8FBJL6,23,0.08695652173913043,9,0.0
schedule_slip_gt365,12,SOL|9700|N6554013R0052,QV38GMJUBJQ3,7,0.0,5,0.0
schedule_slip_gt365,12,SOL|9700|N6554013R0052,SMNWM6HN79X5,10,0.1,11,0.09090909090909091
schedule_slip_gt365,12,SOL|9700|N6554013R0052,T1GVZ5Z6K5L4,7,0.0,7,0.0
schedule_slip_gt365,12,SOL|9700|N6554013R0052,VGCPT3NSM831,25,0.0,3,0.0
schedule_slip_gt365,12,SOL|9700|W52P1J11R0171,C8VFSNKTMQB6,184,0.021739130434782608,200,0.02
schedule_slip_gt365,12,SOL|9700|W52P1J11R0171,CL69E7KATK59,11,0.0,18,0.05555555555555555
schedule_slip_gt365,12,SOL|9700|W52P1J11R0171,FNKFHMMG52T6,22,0.0,25,0.0
schedule_slip_gt365,12,SOL|9700|W52P1J11R0171,GLGWMH9BMP76,13,0.0,23,0.043478260869565216
schedule_slip_gt365,12,SOL|9700|W52P1J11R0171,K5TBNBLVG1F8,22,0.0,29,0.06896551724137931
schedule_slip_gt365,12,SOL|9700|W52P1J11R0171,M46UYYHVH4B1,26,0.07692307692307693,49,0.04081632653061224
schedule_slip_gt365,12,SOL|9700|W52P1J11R0171,MFGMH9R7GMG3,25,0.04,19,0.0
schedule_slip_gt365,12,SOL|9700|W52P1J11R0171,N1C5QLNPJLS4,23,0.0,36,0.027777777777777776
schedule_slip_gt365,12,SOL|9700|W52P1J11R0171,PHZDZ8SJ5CM1,116,0.008620689655172414,108,0.018518518518518517
schedule_slip_gt365,12,SOL|9700|W52P1J11R0171,Q2M4FYALZJ89,115,0.0,82,0.036585365853658534
schedule_slip_gt365,12,SOL|9700|W52P1J11R0171,R98MW4ZKUUK3,12,0.08333333333333333,80,0.025
schedule_slip_gt365,12,SOL|9700|W52P1J11R0171,TK17ZGD5YNA9,10,0.0,64,0.015625
schedule_slip_gt365,12,SOL|9700|W52P1J11R0171,VV9KH3L99VE3,8,0.0,7,0.2857142857142857
schedule_slip_gt365,12,SOL|9700|W52P1J11R0171,WL9HGM6PCK53,10,0.0,66,0.045454545454545456
schedule_slip_gt365,12,SOL|9700|W52P1J11R0171,Z78DJNKYJ2K5,10,0.1,26,0.0
schedule_slip_gt365,12,SOL|9700|W52P1J13R0098,DT8KJHZXVJH5,22,0.0,5,0.0
schedule_slip_gt365,12,SOL|9700|W52P1J13R0098,X1JJYEW4HAN9,6,0.0,8,0.0
schedule_slip_gt365,12,SOL|9700|W90FYQ14R0001,SS8JL7WNHPX9,18,0.0,3,0.0
schedule_slip_gt365,12,SOL|9700|W90FYQ14R0001,VTHTPFSNFM75,5,0.0,17,0.11764705882352941
schedule_slip_gt365,12,SOL|9700|W90FYQ14R0001,ZBN6UNKMKTP6,6,0.0,7,0.14285714285714285
schedule_slip_gt365,12,SOL|9700|W9124D14R0004,D4VQMKB86C75,10,0.0,4,0.0
schedule_slip_gt365,12,SOL|9700|W9124D14R0004,DMBVYW4WNZ21,18,0.05555555555555555,8,0.0
schedule_slip_gt365,12,SOL|9700|W9124D14R0004,E1PVEGGV5TF7,12,0.0,4,0.0
schedule_slip_gt365,12,SOL|9700|W9127815R0044,N54NWY8AN215,15,0.0,11,0.0
schedule_slip_gt365,12,SOL|9700|W9127815R0044,UF6SD7XED744,8,0.0,4,0.0
schedule_slip_gt365,12,SOL|9700|W912DY12R0025,CAYJDHQK3MG3,4,0.0,3,0.0
schedule_slip_gt365,12,SOL|9700|W912DY12R0025,EEPCF2DJKJM4,19,0.10526315789473684,8,0.0
schedule_slip_gt365,12,SOL|9700|W912DY12R0025,GCPTKFRJSPJ9,9,0.0,3,0.0
schedule_slip_gt365,12,SOL|9700|W912DY12R0025,Y4TKSMDNTRN6,18,0.2777777777777778,5,0.0
